,0,1,2,3,4,5,6,7,8
0,MMM,3M,Industrials,Industrial Conglomerates,QQ1,2024,2024-04-30 00:00:00,"{'neg': 0.022, 'neu': 0.724, 'pos': 0.253, 'compound': 1.0}",1
1,AOS,A. O. Smith,Industrials,Building Products,QQ1,2024,2024-04-25 00:00:00,"{'neg': 0.029, 'neu': 0.752, 'pos': 0.22, 'compound': 1.0}",1
2,ABT,Abbott,Health Care,Health Care Equipment,QQ1,2024,2024-04-17 12:05:26,"{'neg': 0.029, 'neu': 0.71, 'pos': 0.261, 'compound': 1.0}",1
3,ABBV,AbbVie,Health Care,Biotechnology,QQ1,2024,2024-04-26 13:25:32,"{'neg': 0.034, 'neu': 0.743, 'pos': 0.223, 'compound': 1.0}",1
4,ACN,Accenture,Information Technology,IT Consulting & Other Services,QQ1,2024,2023-12-19 11:51:05,"{'neg': 0.019, 'neu': 0.73, 'pos': 0.251, 'compound': 1.0}",1
5,ADBE,Adobe Inc.,Information Technology,Application Software,QQ1,2024,2024-03-14 21:44:09,"{'neg': 0.012, 'neu': 0.738, 'pos': 0.249, 'compound': 1.0}",1
6,AMD,Advanced Micro Devices,Information Technology,Semiconductors,QQ1,2024,2024-04-30 00:00:00,"{'neg': 0.03, 'neu': 0.748, 'pos': 0.222, 'compound': 1.0}",1
7,AES,AES Corporation,Utilities,Independent Power Producers & Energy Traders,QQ1,2024,2024-05-03 13:25:18,"{'neg': 0.026, 'neu': 0.76, 'pos': 0.214, 'compound': 1.0}",1
8,AFL,Aflac,Financials,Life & Health Insurance,QQ1,2024,2024-05-02 00:00:00,"{'neg': 0.047, 'neu': 0.728, 'pos': 0.224, 'compound': 1.0}",1
9,A,Agilent Technologies,Health Care,Life Sciences Tools & Services,QQ1,2024,2024-02-27 21:36:10,"{'neg': 0.019, 'neu': 0.732, 'pos': 0.249, 'compound': 1.0}",1
10,APD,Air Products and Chemicals,Materials,Industrial Gases,QQ1,2024,2024-02-05 12:34:03,"{'neg': 0.041, 'neu': 0.71, 'pos': 0.249, 'compound': 1.0}",1
11,ABNB,Airbnb,Consumer Discretionary,"Hotels, Resorts & Cruise Lines",QQ1,2024,2024-05-08 18:48:07,"{'neg': 0.024, 'neu': 0.743, 'pos': 0.234, 'compound': 1.0}",1
12,AKAM,Akamai,Information Technology,Internet Services & Infrastructure,QQ1,2024,2024-05-09 19:52:12,"{'neg': 0.035, 'neu': 0.728, 'pos': 0.238, 'compound': 1.0}",1
13,ALB,Albemarle Corporation,Materials,Specialty Chemicals,QQ1,2024,2024-05-02 13:19:09,"{'neg': 0.029, 'neu': 0.777, 'pos': 0.194, 'compound': 1.0}",1
14,ARE,Alexandria Real Estate Equities,Real Estate,Office REITs,QQ1,2024,2024-04-23 19:45:22,"{'neg': 0.034, 'neu': 0.738, 'pos': 0.229, 'compound': 1.0}",1
15,ALGN,Align Technology,Health Care,Health Care Supplies,QQ1,2024,2024-04-24 00:00:00,"{'neg': 0.017, 'neu': 0.758, 'pos': 0.225, 'compound': 1.0}",1
16,ALLE,Allegion,Industrials,Building Products,QQ1,2024,2024-04-25 00:00:00,"{'neg': 0.027, 'neu': 0.738, 'pos': 0.235, 'compound': 0.9999}",1
17,LNT,Alliant Energy,Utilities,Electric Utilities,QQ1,2024,2024-05-03 00:00:00,"{'neg': 0.015, 'neu': 0.699, 'pos': 0.286, 'compound': 1.0}",1
18,ALL,Allstate,Financials,Property & Casualty Insurance,QQ1,2024,2024-05-02 00:00:00,"{'neg': 0.044, 'neu': 0.713, 'pos': 0.243, 'compound': 1.0}",1
19,GOOGL,Alphabet Inc. (Class A),Communication Services,Interactive Media & Services,QQ1,2024,2024-04-25 00:00:00,"{'neg': 0.011, 'neu': 0.754, 'pos': 0.234, 'compound': 1.0}",1
20,GOOG,Alphabet Inc. (Class C),Communication Services,Interactive Media & Services,QQ1,2024,2024-04-25 00:00:00,"{'neg': 0.011, 'neu': 0.754, 'pos': 0.234, 'compound': 1.0}",1
21,MO,Altria,Consumer Staples,Tobacco,QQ1,2024,2024-04-25 00:00:00,"{'neg': 0.041, 'neu': 0.761, 'pos': 0.198, 'compound': 1.0}",1
22,AMZN,Amazon,Consumer Discretionary,Broadline Retail,QQ1,2024,2024-04-30 00:00:00,"{'neg': 0.023, 'neu': 0.749, 'pos': 0.228, 'compound': 1.0}",1
23,AMCR,Amcor,Materials,Paper & Plastic Packaging Products & Materials,QQ1,2024,2023-10-31 23:09:02,"{'neg': 0.035, 'neu': 0.747, 'pos': 0.218, 'compound': 1.0}",1
24,AEE,Ameren,Utilities,Multi-Utilities,QQ1,2024,2024-05-03 13:43:09,"{'neg': 0.014, 'neu': 0.755, 'pos': 0.231, 'compound': 1.0}",1
25,AAL,American Airlines Group,Industrials,Passenger Airlines,QQ1,2024,2024-04-25 00:00:00,"{'neg': 0.029, 'neu': 0.726, 'pos': 0.245, 'compound': 1.0}",1
26,AEP,American Electric Power,Utilities,Electric Utilities,QQ1,2024,2024-04-30 00:00:00,"{'neg': 0.019, 'neu': 0.754, 'pos': 0.227, 'compound': 1.0}",1
27,AXP,American Express,Financials,Consumer Finance,QQ1,2024,2024-04-19 11:58:10,"{'neg': 0.017, 'neu': 0.723, 'pos': 0.26, 'compound': 1.0}",1
28,AIG,American International Group,Financials,Multi-line Insurance,QQ1,2024,2024-05-02 00:00:00,"{'neg': 0.074, 'neu': 0.728, 'pos': 0.198, 'compound': 1.0}",1
29,AMT,American Tower,Real Estate,Telecom Tower REITs,QQ1,2024,2024-04-30 00:00:00,"{'neg': 0.024, 'neu': 0.754, 'pos': 0.221, 'compound': 1.0}",1
30,AWK,American Water Works,Utilities,Water Utilities,QQ1,2024,2024-05-02 00:00:00,"{'neg': 0.023, 'neu': 0.754, 'pos': 0.223, 'compound': 1.0}",1
31,AMP,Ameriprise Financial,Financials,Asset Management & Custody Banks,QQ1,2024,2024-04-23 13:11:02,"{'neg': 0.013, 'neu': 0.687, 'pos': 0.299, 'compound': 1.0}",1
32,AME,Ametek,Industrials,Electrical Components & Equipment,QQ1,2024,2024-05-02 00:00:00,"{'neg': 0.022, 'neu': 0.705, 'pos': 0.273, 'compound': 1.0}",1
33,AMGN,Amgen,Health Care,Biotechnology,QQ1,2024,2024-05-02 00:00:00,"{'neg': 0.041, 'neu': 0.737, 'pos': 0.223, 'compound': 1.0}",1
34,APH,Amphenol,Information Technology,Electronic Components,QQ1,2024,2024-04-24 00:00:00,"{'neg': 0.022, 'neu': 0.72, 'pos': 0.259, 'compound': 1.0}",1
35,ADI,Analog Devices,Information Technology,Semiconductors,QQ1,2024,2024-02-21 13:54:02,"{'neg': 0.047, 'neu': 0.712, 'pos': 0.242, 'compound': 1.0}",1
36,AON,Aon,Financials,Insurance Brokers,QQ1,2024,2024-04-26 00:00:00,"{'neg': 0.034, 'neu': 0.687, 'pos': 0.279, 'compound': 1.0}",1
37,APA,APA Corporation,Energy,Oil & Gas Exploration & Production,QQ1,2024,2024-05-02 00:00:00,"{'neg': 0.04, 'neu': 0.757, 'pos': 0.202, 'compound': 1.0}",1
38,AAPL,Apple Inc.,Information Technology,"Technology Hardware, Storage & Peripherals",QQ1,2024,2024-02-01 20:17:02,"{'neg': 0.025, 'neu': 0.741, 'pos': 0.234, 'compound': 1.0}",1
39,AMAT,Applied Materials,Information Technology,Semiconductor Materials & Equipment,QQ1,2024,2024-02-15 19:55:18,"{'neg': 0.018, 'neu': 0.715, 'pos': 0.266, 'compound': 1.0}",1
40,APTV,Aptiv,Consumer Discretionary,Automotive Parts & Equipment,QQ1,2024,2024-05-02 00:00:00,"{'neg': 0.023, 'neu': 0.757, 'pos': 0.22, 'compound': 1.0}",1
41,ACGL,Arch Capital Group,Financials,Property & Casualty Insurance,QQ1,2024,2024-04-30 17:45:27,"{'neg': 0.057, 'neu': 0.722, 'pos': 0.221, 'compound': 1.0}",1
42,ADM,Archer-Daniels-Midland,Consumer Staples,Agricultural Products & Services,QQ1,2024,2024-04-30 13:49:10,"{'neg': 0.047, 'neu': 0.729, 'pos': 0.224, 'compound': 1.0}",1
43,ANET,Arista Networks,Information Technology,Communications Equipment,QQ1,2024,2024-05-07 00:00:00,"{'neg': 0.019, 'neu': 0.8, 'pos': 0.182, 'compound': 1.0}",1
44,AJG,Arthur J. Gallagher & Co.,Financials,Insurance Brokers,QQ1,2024,2024-04-25 00:00:00,"{'neg': 0.036, 'neu': 0.738, 'pos': 0.226, 'compound': 1.0}",1
45,AIZ,Assurant,Financials,Multi-line Insurance,QQ1,2024,2024-05-08 11:36:08,"{'neg': 0.037, 'neu': 0.732, 'pos': 0.23, 'compound': 1.0}",1
46,T,AT&T,Communication Services,Integrated Telecommunication Services,QQ1,2024,2024-04-24 12:40:08,"{'neg': 0.027, 'neu': 0.738, 'pos': 0.235, 'compound': 1.0}",1
47,ATO,Atmos Energy,Utilities,Gas Utilities,QQ1,2024,2024-02-07 11:29:13,"{'neg': 0.029, 'neu': 0.743, 'pos': 0.227, 'compound': 0.9999}",1
48,ADSK,Autodesk,Information Technology,Application Software,QQ1,2024,2023-05-25 20:04:06,"{'neg': 0.018, 'neu': 0.735, 'pos': 0.247, 'compound': 1.0}",1
49,ADP,Automatic Data Processing,Industrials,Human Resource & Employment Services,QQ1,2024,2023-10-25 12:48:03,"{'neg': 0.021, 'neu': 0.729, 'pos': 0.25, 'compound': 1.0}",1
50,AZO,AutoZone,Consumer Discretionary,Automotive Retail,QQ1,2024,2023-12-05 12:41:04,"{'neg': 0.048, 'neu': 0.715, 'pos': 0.237, 'compound': 1.0}",1
51,AVB,AvalonBay Communities,Real Estate,Multi-Family Residential REITs,QQ1,2024,2024-04-26 00:00:00,"{'neg': 0.041, 'neu': 0.738, 'pos': 0.22, 'compound': 1.0}",1
52,AVY,Avery Dennison,Materials,Paper & Plastic Packaging Products & Materials,QQ1,2024,2024-04-24 00:00:00,"{'neg': 0.023, 'neu': 0.75, 'pos': 0.227, 'compound': 1.0}",1
53,AXON,Axon Enterprise,Industrials,Aerospace & Defense,QQ1,2024,2024-05-06 00:00:00,"{'neg': 0.037, 'neu': 0.699, 'pos': 0.263, 'compound': 1.0}",1
54,BKR,Baker Hughes,Energy,Oil & Gas Equipment & Services,QQ1,2024,2024-04-24 00:00:00,"{'neg': 0.016, 'neu': 0.735, 'pos': 0.249, 'compound': 1.0}",1
55,BALL,Ball Corporation,Materials,"Metal, Glass & Plastic Containers",QQ1,2024,2024-04-26 00:00:00,"{'neg': 0.028, 'neu': 0.728, 'pos': 0.243, 'compound': 1.0}",1
56,BAC,Bank of America,Financials,Diversified Banks,QQ1,2024,2024-04-16 12:40:25,"{'neg': 0.028, 'neu': 0.722, 'pos': 0.25, 'compound': 1.0}",1
57,BK,Bank of New York Mellon,Financials,Asset Management & Custody Banks,QQ1,2024,2024-04-16 15:37:03,"{'neg': 0.019, 'neu': 0.725, 'pos': 0.256, 'compound': 1.0}",1
58,BBWI,"Bath & Body Works, Inc.",Consumer Discretionary,Other Specialty Retail,QQ1,2024,2023-05-18 00:00:00,"{'neg': 0.02, 'neu': 0.715, 'pos': 0.265, 'compound': 1.0}",1
59,BAX,Baxter International,Health Care,Health Care Equipment,QQ1,2024,2024-05-02 00:00:00,"{'neg': 0.023, 'neu': 0.732, 'pos': 0.245, 'compound': 1.0}",1
60,BDX,Becton Dickinson,Health Care,Health Care Equipment,QQ1,2024,2024-02-01 11:41:06,"{'neg': 0.013, 'neu': 0.686, 'pos': 0.301, 'compound': 1.0}",1
61,BBY,Best Buy,Consumer Discretionary,Computer & Electronics Retail,QQ1,2024,2023-05-25 11:34:02,"{'neg': 0.03, 'neu': 0.726, 'pos': 0.243, 'compound': 1.0}",1
62,BIO,Bio-Rad,Health Care,Life Sciences Tools & Services,QQ1,2024,2024-05-07 00:00:00,"{'neg': 0.035, 'neu': 0.755, 'pos': 0.21, 'compound': 0.9999}",1
63,TECH,Bio-Techne,Health Care,Life Sciences Tools & Services,QQ1,2024,2023-10-31 16:08:09,"{'neg': 0.03, 'neu': 0.728, 'pos': 0.242, 'compound': 1.0}",1
64,BIIB,Biogen,Health Care,Biotechnology,QQ1,2024,2024-06-05 22:54:07,"{'neg': 0.025, 'neu': 0.758, 'pos': 0.217, 'compound': 1.0}",1
65,BLK,BlackRock,Financials,Asset Management & Custody Banks,QQ1,2024,2024-04-12 11:16:04,"{'neg': 0.022, 'neu': 0.753, 'pos': 0.225, 'compound': 1.0}",1
66,BX,Blackstone,Financials,Asset Management & Custody Banks,QQ1,2024,2024-04-18 12:58:08,"{'neg': 0.031, 'neu': 0.75, 'pos': 0.219, 'compound': 1.0}",1
67,BA,Boeing,Industrials,Aerospace & Defense,QQ1,2024,2024-04-24 00:00:00,"{'neg': 0.028, 'neu': 0.755, 'pos': 0.216, 'compound': 1.0}",1
68,BKNG,Booking Holdings,Consumer Discretionary,"Hotels, Resorts & Cruise Lines",QQ1,2024,2024-05-02 00:00:00,"{'neg': 0.033, 'neu': 0.723, 'pos': 0.244, 'compound': 1.0}",1
69,BWA,BorgWarner,Consumer Discretionary,Automotive Parts & Equipment,QQ1,2024,2024-05-02 00:00:00,"{'neg': 0.013, 'neu': 0.759, 'pos': 0.228, 'compound': 1.0}",1
70,BXP,Boston Properties,Real Estate,Office REITs,QQ1,2024,2024-05-01 00:00:00,"{'neg': 0.035, 'neu': 0.795, 'pos': 0.17, 'compound': 1.0}",1
71,BSX,Boston Scientific,Health Care,Health Care Equipment,QQ1,2024,2024-04-24 00:00:00,"{'neg': 0.025, 'neu': 0.752, 'pos': 0.224, 'compound': 1.0}",1
72,BMY,Bristol Myers Squibb,Health Care,Pharmaceuticals,QQ1,2024,2024-04-25 00:00:00,"{'neg': 0.027, 'neu': 0.728, 'pos': 0.245, 'compound': 1.0}",1
73,AVGO,Broadcom Inc.,Information Technology,Semiconductors,QQ1,2024,2024-03-07 22:18:06,"{'neg': 0.029, 'neu': 0.778, 'pos': 0.192, 'compound': 1.0}",1
74,BR,Broadridge Financial Solutions,Industrials,Data Processing & Outsourced Services,QQ1,2024,2023-11-02 14:28:05,"{'neg': 0.016, 'neu': 0.704, 'pos': 0.28, 'compound': 1.0}",1
75,BRO,Brown & Brown,Financials,Insurance Brokers,QQ1,2024,2024-04-23 13:09:03,"{'neg': 0.038, 'neu': 0.74, 'pos': 0.221, 'compound': 1.0}",1
76,BF.B,Brown–Forman,Consumer Staples,Distillers & Vintners,QQ1,2024,2023-08-30 16:51:09,"{'neg': 0.028, 'neu': 0.737, 'pos': 0.234, 'compound': 1.0}",1
77,BLDR,Builders FirstSource,Industrials,Building Products,QQ1,2024,2024-05-07 00:00:00,"{'neg': 0.036, 'neu': 0.732, 'pos': 0.232, 'compound': 1.0}",1
78,BG,Bunge Global SA,Consumer Staples,Agricultural Products & Services,QQ1,2024,2024-04-24 00:00:00,"{'neg': 0.037, 'neu': 0.76, 'pos': 0.203, 'compound': 1.0}",1
79,CDNS,Cadence Design Systems,Information Technology,Application Software,QQ1,2024,2024-04-22 20:54:09,"{'neg': 0.013, 'neu': 0.754, 'pos': 0.232, 'compound': 1.0}",1
80,CZR,Caesars Entertainment,Consumer Discretionary,Casinos & Gaming,QQ1,2024,2024-04-30 00:00:00,"{'neg': 0.04, 'neu': 0.754, 'pos': 0.206, 'compound': 1.0}",1
81,CPT,Camden Property Trust,Real Estate,Multi-Family Residential REITs,QQ1,2024,2024-05-03 00:00:00,"{'neg': 0.069, 'neu': 0.741, 'pos': 0.19, 'compound': 1.0}",1
82,CPB,Campbell Soup Company,Consumer Staples,Packaged Foods & Meats,QQ1,2024,2023-12-06 10:40:21,"{'neg': 0.029, 'neu': 0.718, 'pos': 0.253, 'compound': 1.0}",1
83,COF,Capital One,Financials,Consumer Finance,QQ1,2024,2024-04-25 00:00:00,"{'neg': 0.031, 'neu': 0.754, 'pos': 0.215, 'compound': 1.0}",1
84,CAH,Cardinal Health,Health Care,Health Care Distributors,QQ1,2024,2023-11-03 11:39:10,"{'neg': 0.019, 'neu': 0.71, 'pos': 0.271, 'compound': 1.0}",1
85,KMX,CarMax,Consumer Discretionary,Automotive Retail,QQ1,2024,2023-06-23 12:09:10,"{'neg': 0.033, 'neu': 0.738, 'pos': 0.229, 'compound': 1.0}",1
86,CCL,Carnival,Consumer Discretionary,"Hotels, Resorts & Cruise Lines",QQ1,2024,2024-03-27 14:07:14,"{'neg': 0.026, 'neu': 0.725, 'pos': 0.249, 'compound': 1.0}",1
87,CARR,Carrier Global,Industrials,Building Products,QQ1,2024,2024-04-25 00:00:00,"{'neg': 0.032, 'neu': 0.741, 'pos': 0.226, 'compound': 1.0}",1
88,CTLT,Catalent,Health Care,Pharmaceuticals,QQ1,2024,2023-11-15 16:39:07,"{'neg': 0.024, 'neu': 0.752, 'pos': 0.224, 'compound': 1.0}",1
89,CAT,Caterpillar Inc.,Industrials,Construction Machinery & Heavy Transportation Equipment,QQ1,2024,2024-04-25 11:36:03,"{'neg': 0.035, 'neu': 0.717, 'pos': 0.248, 'compound': 1.0}",1
90,CBOE,Cboe Global Markets,Financials,Financial Exchanges & Data,QQ1,2024,2024-05-03 16:13:09,"{'neg': 0.014, 'neu': 0.757, 'pos': 0.229, 'compound': 1.0}",1
91,CBRE,CBRE Group,Real Estate,Real Estate Services,QQ1,2024,2024-05-03 00:00:00,"{'neg': 0.037, 'neu': 0.756, 'pos': 0.207, 'compound': 1.0}",1
92,CDW,CDW,Information Technology,Technology Distributors,QQ1,2024,2024-05-01 00:00:00,"{'neg': 0.052, 'neu': 0.719, 'pos': 0.229, 'compound': 1.0}",1
93,CE,Celanese,Materials,Specialty Chemicals,QQ1,2024,2024-05-09 00:00:00,"{'neg': 0.043, 'neu': 0.772, 'pos': 0.185, 'compound': 1.0}",1
94,COR,Cencora,Health Care,Health Care Distributors,QQ1,2024,2024-01-31 12:12:02,"{'neg': 0.017, 'neu': 0.705, 'pos': 0.277, 'compound': 1.0}",1
95,CNC,Centene Corporation,Health Care,Managed Health Care,QQ1,2024,2024-04-26 00:00:00,"{'neg': 0.025, 'neu': 0.77, 'pos': 0.205, 'compound': 1.0}",1
96,CNP,CenterPoint Energy,Utilities,Multi-Utilities,QQ1,2024,2024-04-30 00:00:00,"{'neg': 0.026, 'neu': 0.735, 'pos': 0.239, 'compound': 1.0}",1
97,CF,CF Industries,Materials,Fertilizers & Agricultural Chemicals,QQ1,2024,2024-05-02 00:00:00,"{'neg': 0.046, 'neu': 0.788, 'pos': 0.167, 'compound': 0.9999}",1
98,CHRW,CH Robinson,Industrials,Air Freight & Logistics,QQ1,2024,2024-05-01 00:00:00,"{'neg': 0.04, 'neu': 0.725, 'pos': 0.235, 'compound': 1.0}",1
99,CRL,Charles River Laboratories,Health Care,Life Sciences Tools & Services,QQ1,2024,2024-05-09 00:00:00,"{'neg': 0.034, 'neu': 0.745, 'pos': 0.221, 'compound': 1.0}",1
100,CHTR,Charter Communications,Communication Services,Cable & Satellite,QQ1,2024,2024-04-26 00:00:00,"{'neg': 0.038, 'neu': 0.774, 'pos': 0.188, 'compound': 1.0}",1
101,CVX,Chevron Corporation,Energy,Integrated Oil & Gas,QQ1,2024,2024-04-26 00:00:00,"{'neg': 0.024, 'neu': 0.755, 'pos': 0.221, 'compound': 1.0}",1
102,CMG,Chipotle Mexican Grill,Consumer Discretionary,Restaurants,QQ1,2024,2024-04-24 00:00:00,"{'neg': 0.018, 'neu': 0.7, 'pos': 0.283, 'compound': 1.0}",1
103,CB,Chubb Limited,Financials,Property & Casualty Insurance,QQ1,2024,2024-04-24 00:00:00,"{'neg': 0.08, 'neu': 0.731, 'pos': 0.188, 'compound': 0.9999}",1
104,CHD,Church & Dwight,Consumer Staples,Household Products,QQ1,2024,2024-05-02 00:00:00,"{'neg': 0.03, 'neu': 0.71, 'pos': 0.259, 'compound': 1.0}",1
105,CI,Cigna,Health Care,Health Care Services,QQ1,2024,2024-05-15 21:04:09,"{'neg': 0.019, 'neu': 0.739, 'pos': 0.242, 'compound': 1.0}",1
106,CINF,Cincinnati Financial,Financials,Property & Casualty Insurance,QQ1,2024,2024-04-26 15:06:09,"{'neg': 0.083, 'neu': 0.689, 'pos': 0.229, 'compound': 0.9999}",1
107,CTAS,Cintas,Industrials,Diversified Support Services,QQ1,2024,2023-09-26 16:41:03,"{'neg': 0.025, 'neu': 0.706, 'pos': 0.269, 'compound': 1.0}",1
108,CSCO,Cisco,Information Technology,Communications Equipment,QQ1,2024,2023-11-15 19:50:03,"{'neg': 0.026, 'neu': 0.746, 'pos': 0.228, 'compound': 1.0}",1
109,C,Citigroup,Financials,Diversified Banks,QQ1,2024,2024-04-12 16:46:09,"{'neg': 0.031, 'neu': 0.732, 'pos': 0.237, 'compound': 1.0}",1
110,CFG,Citizens Financial Group,Financials,Regional Banks,QQ1,2024,2024-04-17 14:10:02,"{'neg': 0.037, 'neu': 0.693, 'pos': 0.27, 'compound': 1.0}",1
111,CLX,Clorox,Consumer Staples,Household Products,QQ1,2024,2023-11-01 00:00:00,"{'neg': 0.048, 'neu': 0.744, 'pos': 0.209, 'compound': 1.0}",1
112,CME,CME Group,Financials,Financial Exchanges & Data,QQ1,2024,2024-04-24 00:00:00,"{'neg': 0.034, 'neu': 0.737, 'pos': 0.229, 'compound': 1.0}",1
113,CMS,CMS Energy,Utilities,Multi-Utilities,QQ1,2024,2024-04-25 00:00:00,"{'neg': 0.02, 'neu': 0.72, 'pos': 0.26, 'compound': 1.0}",1
114,KO,Coca-Cola Company (The),Consumer Staples,Soft Drinks & Non-alcoholic Beverages,QQ1,2024,2024-04-30 00:00:00,"{'neg': 0.018, 'neu': 0.732, 'pos': 0.25, 'compound': 1.0}",1
115,CTSH,Cognizant,Information Technology,IT Consulting & Other Services,QQ1,2024,2024-05-01 00:00:00,"{'neg': 0.028, 'neu': 0.754, 'pos': 0.219, 'compound': 1.0}",1
116,CL,Colgate-Palmolive,Consumer Staples,Household Products,QQ1,2024,2024-04-26 00:00:00,"{'neg': 0.022, 'neu': 0.668, 'pos': 0.31, 'compound': 1.0}",1
117,CMCSA,Comcast,Communication Services,Cable & Satellite,QQ1,2024,2024-04-25 00:00:00,"{'neg': 0.02, 'neu': 0.737, 'pos': 0.243, 'compound': 1.0}",1
118,CMA,Comerica,Financials,Diversified Banks,QQ1,2024,2024-04-18 13:08:10,"{'neg': 0.042, 'neu': 0.703, 'pos': 0.255, 'compound': 1.0}",1
119,CAG,Conagra Brands,Consumer Staples,Packaged Foods & Meats,QQ1,2024,2023-10-05 12:36:04,"{'neg': 0.033, 'neu': 0.706, 'pos': 0.26, 'compound': 1.0}",1
120,COP,ConocoPhillips,Energy,Oil & Gas Exploration & Production,QQ1,2024,2024-05-02 00:00:00,"{'neg': 0.022, 'neu': 0.759, 'pos': 0.218, 'compound': 1.0}",1
121,STZ,Constellation Brands,Consumer Staples,Distillers & Vintners,QQ1,2024,2023-06-30 13:44:01,"{'neg': 0.019, 'neu': 0.734, 'pos': 0.247, 'compound': 1.0}",1
122,CEG,Constellation Energy,Utilities,Electric Utilities,QQ1,2024,2024-05-09 00:00:00,"{'neg': 0.021, 'neu': 0.72, 'pos': 0.26, 'compound': 1.0}",1
123,COO,CooperCompanies,Health Care,Health Care Supplies,QQ1,2024,2024-02-29 00:00:00,"{'neg': 0.027, 'neu': 0.698, 'pos': 0.275, 'compound': 1.0}",1
124,CPRT,Copart,Industrials,Diversified Support Services,QQ1,2024,2023-11-16 22:45:26,"{'neg': 0.034, 'neu': 0.742, 'pos': 0.224, 'compound': 1.0}",1
125,GLW,Corning Inc.,Information Technology,Electronic Components,QQ1,2024,2024-04-30 00:00:00,"{'neg': 0.023, 'neu': 0.741, 'pos': 0.236, 'compound': 1.0}",1
126,CPAY,Corpay,Financials,Transaction & Payment Processing Services,QQ1,2024,2024-05-09 01:18:07,"{'neg': 0.033, 'neu': 0.743, 'pos': 0.224, 'compound': 1.0}",1
127,CTVA,Corteva,Materials,Fertilizers & Agricultural Chemicals,QQ1,2024,2024-05-02 00:00:00,"{'neg': 0.024, 'neu': 0.78, 'pos': 0.196, 'compound': 1.0}",1
128,CSGP,CoStar Group,Real Estate,Real Estate Services,QQ1,2024,2024-04-23 23:35:23,"{'neg': 0.021, 'neu': 0.758, 'pos': 0.221, 'compound': 1.0}",1
129,COST,Costco,Consumer Staples,Consumer Staples Merchandise Retail,QQ1,2024,2023-12-14 22:00:26,"{'neg': 0.024, 'neu': 0.753, 'pos': 0.223, 'compound': 1.0}",1
130,CTRA,Coterra,Energy,Oil & Gas Exploration & Production,QQ1,2024,2024-05-03 00:00:00,"{'neg': 0.035, 'neu': 0.733, 'pos': 0.232, 'compound': 1.0}",1
131,CCI,Crown Castle,Real Estate,Telecom Tower REITs,QQ1,2024,2024-04-17 19:51:10,"{'neg': 0.026, 'neu': 0.699, 'pos': 0.276, 'compound': 1.0}",1
132,CSX,CSX,Industrials,Rail Transportation,QQ1,2024,2024-04-17 21:05:24,"{'neg': 0.027, 'neu': 0.709, 'pos': 0.264, 'compound': 1.0}",1
133,CMI,Cummins,Industrials,Construction Machinery & Heavy Transportation Equipment,QQ1,2024,2024-05-02 00:00:00,"{'neg': 0.033, 'neu': 0.758, 'pos': 0.209, 'compound': 1.0}",1
134,CVS,CVS Health,Health Care,Health Care Services,QQ1,2024,2024-05-01 00:00:00,"{'neg': 0.045, 'neu': 0.727, 'pos': 0.228, 'compound': 1.0}",1
135,DHR,Danaher Corporation,Health Care,Life Sciences Tools & Services,QQ1,2024,2024-05-14 17:00:24,"{'neg': 0.016, 'neu': 0.767, 'pos': 0.217, 'compound': 0.9999}",1
136,DRI,Darden Restaurants,Consumer Discretionary,Restaurants,QQ1,2024,2023-09-21 13:14:09,"{'neg': 0.032, 'neu': 0.751, 'pos': 0.217, 'compound': 1.0}",1
137,DVA,DaVita Inc.,Health Care,Health Care Services,QQ1,2024,2024-05-02 00:00:00,"{'neg': 0.025, 'neu': 0.753, 'pos': 0.222, 'compound': 1.0}",1
138,DAY,Dayforce,Industrials,Human Resource & Employment Services,QQ1,2024,2024-05-01 00:00:00,"{'neg': 0.019, 'neu': 0.73, 'pos': 0.251, 'compound': 1.0}",1
139,DECK,Deckers Brands,Consumer Discretionary,Footwear,QQ1,2024,2023-07-27 20:35:06,"{'neg': 0.026, 'neu': 0.711, 'pos': 0.263, 'compound': 1.0}",1
140,DE,John Deere,Industrials,Agricultural & Farm Machinery,QQ1,2024,2024-02-15 00:00:00,"{'neg': 0.027, 'neu': 0.756, 'pos': 0.217, 'compound': 1.0}",1
141,DAL,Delta Air Lines,Industrials,Passenger Airlines,QQ1,2024,2024-04-10 13:22:10,"{'neg': 0.023, 'neu': 0.717, 'pos': 0.26, 'compound': 1.0}",1
142,DVN,Devon Energy,Energy,Oil & Gas Exploration & Production,QQ1,2024,2024-05-02 00:00:00,"{'neg': 0.018, 'neu': 0.701, 'pos': 0.281, 'compound': 1.0}",1
143,DXCM,Dexcom,Health Care,Health Care Equipment,QQ1,2024,2024-04-25 00:00:00,"{'neg': 0.017, 'neu': 0.753, 'pos': 0.23, 'compound': 1.0}",1
144,FANG,Diamondback Energy,Energy,Oil & Gas Exploration & Production,QQ1,2024,2024-05-01 00:00:00,"{'neg': 0.036, 'neu': 0.745, 'pos': 0.219, 'compound': 1.0}",1
145,DLR,Digital Realty,Real Estate,Data Center REITs,QQ1,2024,2024-05-02 00:00:00,"{'neg': 0.025, 'neu': 0.761, 'pos': 0.214, 'compound': 1.0}",1
146,DFS,Discover Financial,Financials,Consumer Finance,QQ1,2024,2024-04-18 09:51:09,"{'neg': 0.044, 'neu': 0.75, 'pos': 0.206, 'compound': 0.9997}",1
147,DG,Dollar General,Consumer Staples,Consumer Staples Merchandise Retail,QQ1,2024,2023-06-01 00:00:00,"{'neg': 0.035, 'neu': 0.721, 'pos': 0.244, 'compound': 1.0}",1
148,DLTR,Dollar Tree,Consumer Staples,Consumer Staples Merchandise Retail,QQ1,2024,2024-06-05 11:12:06,"{'neg': 0.037, 'neu': 0.762, 'pos': 0.201, 'compound': 1.0}",1
149,D,Dominion Energy,Utilities,Multi-Utilities,QQ1,2024,2024-05-02 13:31:17,"{'neg': 0.017, 'neu': 0.773, 'pos': 0.21, 'compound': 1.0}",1
150,DPZ,Domino's,Consumer Discretionary,Restaurants,QQ1,2024,2024-04-29 00:00:00,"{'neg': 0.021, 'neu': 0.721, 'pos': 0.258, 'compound': 1.0}",1
151,DOV,Dover Corporation,Industrials,Industrial Machinery & Supplies & Components,QQ1,2024,2024-04-25 00:00:00,"{'neg': 0.031, 'neu': 0.748, 'pos': 0.221, 'compound': 1.0}",1
152,DOW,Dow Inc.,Materials,Commodity Chemicals,QQ1,2024,2024-04-25 00:00:00,"{'neg': 0.031, 'neu': 0.762, 'pos': 0.207, 'compound': 1.0}",1
153,DHI,DR Horton,Consumer Discretionary,Homebuilding,QQ1,2024,2024-01-23 11:18:06,"{'neg': 0.027, 'neu': 0.774, 'pos': 0.199, 'compound': 1.0}",1
154,DTE,DTE Energy,Utilities,Multi-Utilities,QQ1,2024,2024-04-25 00:00:00,"{'neg': 0.018, 'neu': 0.714, 'pos': 0.267, 'compound': 1.0}",1
155,DUK,Duke Energy,Utilities,Electric Utilities,QQ1,2024,2024-05-07 00:00:00,"{'neg': 0.009, 'neu': 0.739, 'pos': 0.253, 'compound': 1.0}",1
156,DD,DuPont,Materials,Specialty Chemicals,QQ1,2024,2024-05-01 00:00:00,"{'neg': 0.037, 'neu': 0.747, 'pos': 0.217, 'compound': 1.0}",1
157,EMN,Eastman Chemical Company,Materials,Specialty Chemicals,QQ1,2024,2024-04-26 00:00:00,"{'neg': 0.045, 'neu': 0.747, 'pos': 0.208, 'compound': 1.0}",1
158,ETN,Eaton Corporation,Industrials,Electrical Components & Equipment,QQ1,2024,2024-04-30 00:00:00,"{'neg': 0.017, 'neu': 0.747, 'pos': 0.235, 'compound': 1.0}",1
159,EBAY,eBay,Consumer Discretionary,Broadline Retail,QQ1,2024,2024-05-01 00:00:00,"{'neg': 0.014, 'neu': 0.763, 'pos': 0.223, 'compound': 1.0}",1
160,ECL,Ecolab,Materials,Specialty Chemicals,QQ1,2024,2024-04-30 00:00:00,"{'neg': 0.017, 'neu': 0.698, 'pos': 0.285, 'compound': 1.0}",1
161,EIX,Edison International,Utilities,Electric Utilities,QQ1,2024,2024-04-30 00:00:00,"{'neg': 0.047, 'neu': 0.738, 'pos': 0.215, 'compound': 1.0}",1
162,EW,Edwards Lifesciences,Health Care,Health Care Equipment,QQ1,2024,2024-04-25 00:00:00,"{'neg': 0.024, 'neu': 0.71, 'pos': 0.266, 'compound': 1.0}",1
163,EA,Electronic Arts,Communication Services,Interactive Home Entertainment,QQ1,2024,2023-08-01 20:06:02,"{'neg': 0.025, 'neu': 0.707, 'pos': 0.268, 'compound': 1.0}",1
164,ELV,Elevance Health,Health Care,Managed Health Care,QQ1,2024,2024-04-18 12:19:03,"{'neg': 0.023, 'neu': 0.691, 'pos': 0.286, 'compound': 1.0}",1
165,LLY,Eli Lilly and Company,Health Care,Pharmaceuticals,QQ1,2024,2024-04-30 00:00:00,"{'neg': 0.039, 'neu': 0.758, 'pos': 0.204, 'compound': 1.0}",1
166,EMR,Emerson Electric,Industrials,Electrical Components & Equipment,QQ1,2024,2024-02-07 12:25:07,"{'neg': 0.022, 'neu': 0.727, 'pos': 0.251, 'compound': 1.0}",1
167,ENPH,Enphase,Information Technology,Semiconductor Materials & Equipment,QQ1,2024,2024-04-23 20:43:07,"{'neg': 0.032, 'neu': 0.771, 'pos': 0.196, 'compound': 1.0}",1
168,ETR,Entergy,Utilities,Electric Utilities,QQ1,2024,2024-04-24 00:00:00,"{'neg': 0.025, 'neu': 0.756, 'pos': 0.219, 'compound': 1.0}",1
169,EOG,EOG Resources,Energy,Oil & Gas Exploration & Production,QQ1,2024,2024-05-03 00:00:00,"{'neg': 0.031, 'neu': 0.695, 'pos': 0.274, 'compound': 1.0}",1
170,EPAM,EPAM Systems,Information Technology,IT Consulting & Other Services,QQ1,2024,2024-05-09 00:00:00,"{'neg': 0.061, 'neu': 0.743, 'pos': 0.196, 'compound': 1.0}",1
171,EQT,EQT Corporation,Energy,Oil & Gas Exploration & Production,QQ1,2024,2024-04-24 00:00:00,"{'neg': 0.045, 'neu': 0.725, 'pos': 0.23, 'compound': 1.0}",1
172,EFX,Equifax,Industrials,Research & Consulting Services,QQ1,2024,2024-04-18 15:39:09,"{'neg': 0.025, 'neu': 0.751, 'pos': 0.224, 'compound': 1.0}",1
173,EQIX,Equinix,Real Estate,Data Center REITs,QQ1,2024,2024-05-09 00:00:00,"{'neg': 0.025, 'neu': 0.748, 'pos': 0.227, 'compound': 1.0}",1
174,EQR,Equity Residential,Real Estate,Multi-Family Residential REITs,QQ1,2024,2024-04-24 00:00:00,"{'neg': 0.041, 'neu': 0.726, 'pos': 0.232, 'compound': 1.0}",1
175,ESS,Essex Property Trust,Real Estate,Multi-Family Residential REITs,QQ1,2024,2024-05-01 00:00:00,"{'neg': 0.034, 'neu': 0.737, 'pos': 0.229, 'compound': 1.0}",1
176,EL,Estée Lauder Companies (The),Consumer Staples,Personal Care Products,QQ1,2024,2023-11-01 14:14:09,"{'neg': 0.045, 'neu': 0.695, 'pos': 0.259, 'compound': 1.0}",1
177,ETSY,Etsy,Consumer Discretionary,Broadline Retail,QQ1,2024,2024-05-01 00:00:00,"{'neg': 0.034, 'neu': 0.715, 'pos': 0.252, 'compound': 1.0}",1
178,EG,Everest Re,Financials,Reinsurance,QQ1,2024,2024-04-30 00:00:00,"{'neg': 0.064, 'neu': 0.712, 'pos': 0.224, 'compound': 1.0}",1
179,EVRG,Evergy,Utilities,Electric Utilities,QQ1,2024,2024-05-09 00:00:00,"{'neg': 0.026, 'neu': 0.781, 'pos': 0.193, 'compound': 1.0}",1
180,ES,Eversource,Utilities,Electric Utilities,QQ1,2024,2024-05-02 00:00:00,"{'neg': 0.042, 'neu': 0.728, 'pos': 0.231, 'compound': 1.0}",1
181,EXC,Exelon,Utilities,Electric Utilities,QQ1,2024,2024-05-02 00:00:00,"{'neg': 0.038, 'neu': 0.728, 'pos': 0.234, 'compound': 1.0}",1
182,EXPE,Expedia Group,Consumer Discretionary,"Hotels, Resorts & Cruise Lines",QQ1,2024,2024-05-02 00:00:00,"{'neg': 0.023, 'neu': 0.716, 'pos': 0.26, 'compound': 1.0}",1
183,EXR,Extra Space Storage,Real Estate,Self-Storage REITs,QQ1,2024,2024-05-01 00:00:00,"{'neg': 0.031, 'neu': 0.76, 'pos': 0.209, 'compound': 1.0}",1
184,XOM,ExxonMobil,Energy,Integrated Oil & Gas,QQ1,2024,2024-04-27 00:00:00,"{'neg': 0.051, 'neu': 0.694, 'pos': 0.254, 'compound': 1.0}",1
185,FFIV,"F5, Inc.",Information Technology,Communications Equipment,QQ1,2024,2024-01-29 20:00:05,"{'neg': 0.021, 'neu': 0.771, 'pos': 0.208, 'compound': 1.0}",1
186,FDS,FactSet,Financials,Financial Exchanges & Data,QQ1,2024,2023-12-19 14:03:11,"{'neg': 0.026, 'neu': 0.707, 'pos': 0.267, 'compound': 1.0}",1
187,FICO,Fair Isaac,Information Technology,Application Software,QQ1,2024,2024-01-25 00:00:00,"{'neg': 0.023, 'neu': 0.788, 'pos': 0.189, 'compound': 1.0}",1
188,FAST,Fastenal,Industrials,Trading Companies & Distributors,QQ1,2024,2024-04-11 11:19:07,"{'neg': 0.039, 'neu': 0.755, 'pos': 0.206, 'compound': 1.0}",1
189,FRT,Federal Realty,Real Estate,Retail REITs,QQ1,2024,2024-05-02 00:00:00,"{'neg': 0.02, 'neu': 0.752, 'pos': 0.228, 'compound': 1.0}",1
190,FDX,FedEx,Industrials,Air Freight & Logistics,QQ1,2024,2023-09-20 21:22:10,"{'neg': 0.023, 'neu': 0.705, 'pos': 0.272, 'compound': 1.0}",1
191,FIS,Fidelity National Information Services,Financials,Transaction & Payment Processing Services,QQ1,2024,2024-05-06 00:00:00,"{'neg': 0.023, 'neu': 0.755, 'pos': 0.222, 'compound': 0.9998}",1
192,FITB,Fifth Third Bank,Financials,Diversified Banks,QQ1,2024,2024-04-19 13:11:02,"{'neg': 0.036, 'neu': 0.73, 'pos': 0.234, 'compound': 1.0}",1
193,FSLR,First Solar,Information Technology,Semiconductors,QQ1,2024,2024-05-01 00:00:00,"{'neg': 0.048, 'neu': 0.777, 'pos': 0.174, 'compound': 1.0}",1
194,FE,FirstEnergy,Utilities,Electric Utilities,QQ1,2024,2024-04-26 00:00:00,"{'neg': 0.025, 'neu': 0.771, 'pos': 0.204, 'compound': 1.0}",1
195,FI,Fiserv,Financials,Transaction & Payment Processing Services,QQ1,2024,2024-04-23 11:12:09,"{'neg': 0.015, 'neu': 0.714, 'pos': 0.271, 'compound': 1.0}",1
196,FMC,FMC Corporation,Materials,Fertilizers & Agricultural Chemicals,QQ1,2024,2024-05-07 00:00:00,"{'neg': 0.039, 'neu': 0.759, 'pos': 0.201, 'compound': 1.0}",1
197,F,Ford Motor Company,Consumer Discretionary,Automobile Manufacturers,QQ1,2024,2024-04-24 20:55:17,"{'neg': 0.03, 'neu': 0.75, 'pos': 0.219, 'compound': 1.0}",1
198,FTNT,Fortinet,Information Technology,Systems Software,QQ1,2024,2024-05-02 00:00:00,"{'neg': 0.024, 'neu': 0.736, 'pos': 0.24, 'compound': 1.0}",1
199,FTV,Fortive,Industrials,Industrial Machinery & Supplies & Components,QQ1,2024,2024-04-24 00:00:00,"{'neg': 0.02, 'neu': 0.704, 'pos': 0.277, 'compound': 1.0}",1
200,FOXA,Fox Corporation (Class A),Communication Services,Broadcasting,QQ1,2024,2023-11-02 00:00:00,"{'neg': 0.033, 'neu': 0.749, 'pos': 0.218, 'compound': 1.0}",1
201,FOX,Fox Corporation (Class B),Communication Services,Broadcasting,QQ1,2024,2023-11-02 14:03:02,"{'neg': 0.031, 'neu': 0.741, 'pos': 0.228, 'compound': 1.0}",1
202,BEN,Franklin Templeton,Financials,Asset Management & Custody Banks,QQ1,2024,2024-01-29 00:00:00,"{'neg': 0.019, 'neu': 0.753, 'pos': 0.228, 'compound': 1.0}",1
203,FCX,Freeport-McMoRan,Materials,Copper,QQ1,2024,2024-04-23 12:55:23,"{'neg': 0.029, 'neu': 0.738, 'pos': 0.233, 'compound': 1.0}",1
204,GRMN,Garmin,Consumer Discretionary,Consumer Electronics,QQ1,2024,2024-05-01 00:00:00,"{'neg': 0.036, 'neu': 0.711, 'pos': 0.254, 'compound': 0.9999}",1
205,IT,Gartner,Information Technology,IT Consulting & Other Services,QQ1,2024,2024-04-30 00:00:00,"{'neg': 0.025, 'neu': 0.75, 'pos': 0.225, 'compound': 1.0}",1
206,GE,GE Aerospace,Industrials,Aerospace & Defense,QQ1,2024,2024-04-23 12:00:10,"{'neg': 0.023, 'neu': 0.696, 'pos': 0.281, 'compound': 1.0}",1
207,GEHC,GE HealthCare,Health Care,Health Care Equipment,QQ1,2024,2024-04-30 00:00:00,"{'neg': 0.033, 'neu': 0.71, 'pos': 0.258, 'compound': 1.0}",1
208,GEV,GE Vernova,Industrials,Heavy Electrical Equipment,QQ1,2024,2024-04-25 13:42:07,"{'neg': 0.029, 'neu': 0.699, 'pos': 0.271, 'compound': 1.0}",1
209,GEN,Gen Digital,Information Technology,Systems Software,QQ1,2024,2023-08-04 18:55:24,"{'neg': 0.037, 'neu': 0.719, 'pos': 0.244, 'compound': 1.0}",1
210,GNRC,Generac,Industrials,Electrical Components & Equipment,QQ1,2024,2024-05-01 00:00:00,"{'neg': 0.038, 'neu': 0.737, 'pos': 0.225, 'compound': 1.0}",1
211,GD,General Dynamics,Industrials,Aerospace & Defense,QQ1,2024,2024-04-24 00:00:00,"{'neg': 0.044, 'neu': 0.742, 'pos': 0.214, 'compound': 1.0}",1
212,GIS,General Mills,Consumer Staples,Packaged Foods & Meats,QQ1,2024,2023-09-20 11:31:03,"{'neg': 0.026, 'neu': 0.741, 'pos': 0.233, 'compound': 1.0}",1
213,GM,General Motors,Consumer Discretionary,Automobile Manufacturers,QQ1,2024,2024-04-23 12:20:10,"{'neg': 0.027, 'neu': 0.712, 'pos': 0.261, 'compound': 1.0}",1
214,GPC,Genuine Parts Company,Consumer Discretionary,Distributors,QQ1,2024,2024-04-18 11:38:08,"{'neg': 0.019, 'neu': 0.723, 'pos': 0.258, 'compound': 1.0}",1
215,GILD,Gilead Sciences,Health Care,Biotechnology,QQ1,2024,2024-04-25 00:00:00,"{'neg': 0.037, 'neu': 0.774, 'pos': 0.188, 'compound': 1.0}",1
216,GPN,Global Payments,Financials,Transaction & Payment Processing Services,QQ1,2024,2024-05-01 00:00:00,"{'neg': 0.019, 'neu': 0.728, 'pos': 0.253, 'compound': 1.0}",1
217,GL,Globe Life,Financials,Life & Health Insurance,QQ1,2024,2024-04-23 15:34:09,"{'neg': 0.039, 'neu': 0.767, 'pos': 0.194, 'compound': 1.0}",1
218,GS,Goldman Sachs,Financials,Investment Banking & Brokerage,QQ1,2024,2024-04-15 12:52:08,"{'neg': 0.025, 'neu': 0.727, 'pos': 0.248, 'compound': 1.0}",1
219,HAL,Halliburton,Energy,Oil & Gas Equipment & Services,QQ1,2024,2024-04-23 11:39:10,"{'neg': 0.027, 'neu': 0.696, 'pos': 0.276, 'compound': 1.0}",1
220,HIG,Hartford (The),Financials,Property & Casualty Insurance,QQ1,2024,2024-04-26 00:00:00,"{'neg': 0.044, 'neu': 0.73, 'pos': 0.226, 'compound': 1.0}",1
221,HAS,Hasbro,Consumer Discretionary,Leisure Products,QQ1,2024,2024-04-24 00:00:00,"{'neg': 0.027, 'neu': 0.732, 'pos': 0.241, 'compound': 1.0}",1
222,HCA,HCA Healthcare,Health Care,Health Care Facilities,QQ1,2024,2024-04-26 00:00:00,"{'neg': 0.032, 'neu': 0.766, 'pos': 0.202, 'compound': 1.0}",1
223,DOC,Healthpeak,Real Estate,Health Care REITs,QQ1,2024,2024-04-26 00:00:00,"{'neg': 0.032, 'neu': 0.767, 'pos': 0.201, 'compound': 1.0}",1
224,HSIC,Henry Schein,Health Care,Health Care Distributors,QQ1,2024,2024-05-07 00:00:00,"{'neg': 0.029, 'neu': 0.716, 'pos': 0.255, 'compound': 1.0}",1
225,HSY,Hershey's,Consumer Staples,Packaged Foods & Meats,QQ1,2024,2024-05-03 00:00:00,"{'neg': 0.032, 'neu': 0.735, 'pos': 0.234, 'compound': 1.0}",1
226,HPE,Hewlett Packard Enterprise,Information Technology,"Technology Hardware, Storage & Peripherals",QQ1,2024,2024-02-29 21:32:08,"{'neg': 0.028, 'neu': 0.76, 'pos': 0.212, 'compound': 1.0}",1
227,HLT,Hilton Worldwide,Consumer Discretionary,"Hotels, Resorts & Cruise Lines",QQ1,2024,2024-04-24 00:00:00,"{'neg': 0.024, 'neu': 0.733, 'pos': 0.243, 'compound': 1.0}",1
228,HOLX,Hologic,Health Care,Health Care Equipment,QQ1,2024,2024-02-01 22:56:03,"{'neg': 0.028, 'neu': 0.719, 'pos': 0.253, 'compound': 1.0}",1
229,HD,Home Depot (The),Consumer Discretionary,Home Improvement Retail,QQ1,2024,2024-05-14 00:00:00,"{'neg': 0.041, 'neu': 0.706, 'pos': 0.253, 'compound': 1.0}",1
230,HON,Honeywell,Industrials,Industrial Conglomerates,QQ1,2024,2024-04-25 00:00:00,"{'neg': 0.028, 'neu': 0.71, 'pos': 0.262, 'compound': 1.0}",1
231,HRL,Hormel Foods,Consumer Staples,Packaged Foods & Meats,QQ1,2024,2024-02-29 13:54:02,"{'neg': 0.026, 'neu': 0.723, 'pos': 0.25, 'compound': 1.0}",1
232,HST,Host Hotels & Resorts,Real Estate,Hotel & Resort REITs,QQ1,2024,2024-05-02 00:00:00,"{'neg': 0.037, 'neu': 0.797, 'pos': 0.166, 'compound': 1.0}",1
233,HWM,Howmet Aerospace,Industrials,Aerospace & Defense,QQ1,2024,2024-05-02 00:00:00,"{'neg': 0.026, 'neu': 0.785, 'pos': 0.189, 'compound': 1.0}",1
234,HPQ,HP Inc.,Information Technology,"Technology Hardware, Storage & Peripherals",QQ1,2024,2024-02-28 20:02:11,"{'neg': 0.035, 'neu': 0.723, 'pos': 0.242, 'compound': 1.0}",1
235,HUBB,Hubbell Incorporated,Industrials,Industrial Machinery & Supplies & Components,QQ1,2024,2024-04-30 00:00:00,"{'neg': 0.024, 'neu': 0.751, 'pos': 0.225, 'compound': 1.0}",1
236,HUM,Humana,Health Care,Managed Health Care,QQ1,2024,2024-04-24 00:00:00,"{'neg': 0.028, 'neu': 0.746, 'pos': 0.227, 'compound': 1.0}",1
237,HBAN,Huntington Bancshares,Financials,Regional Banks,QQ1,2024,2024-04-19 13:50:25,"{'neg': 0.032, 'neu': 0.717, 'pos': 0.251, 'compound': 1.0}",1
238,HII,Huntington Ingalls Industries,Industrials,Aerospace & Defense,QQ1,2024,2024-05-02 00:00:00,"{'neg': 0.036, 'neu': 0.773, 'pos': 0.192, 'compound': 0.9999}",1
239,IBM,IBM,Information Technology,IT Consulting & Other Services,QQ1,2024,2024-04-24 00:00:00,"{'neg': 0.019, 'neu': 0.749, 'pos': 0.232, 'compound': 1.0}",1
240,IEX,IDEX Corporation,Industrials,Industrial Machinery & Supplies & Components,QQ1,2024,2024-04-24 00:00:00,"{'neg': 0.025, 'neu': 0.757, 'pos': 0.218, 'compound': 1.0}",1
241,IDXX,Idexx Laboratories,Health Care,Health Care Equipment,QQ1,2024,2024-05-01 00:00:00,"{'neg': 0.032, 'neu': 0.682, 'pos': 0.286, 'compound': 1.0}",1
242,ITW,Illinois Tool Works,Industrials,Industrial Machinery & Supplies & Components,QQ1,2024,2024-04-30 00:00:00,"{'neg': 0.022, 'neu': 0.725, 'pos': 0.253, 'compound': 1.0}",1
243,ILMN,Illumina,Health Care,Life Sciences Tools & Services,QQ1,2024,2024-05-02 00:00:00,"{'neg': 0.019, 'neu': 0.755, 'pos': 0.225, 'compound': 1.0}",1
244,INCY,Incyte,Health Care,Biotechnology,QQ1,2024,2024-04-30 00:00:00,"{'neg': 0.036, 'neu': 0.778, 'pos': 0.185, 'compound': 1.0}",1
245,IR,Ingersoll Rand,Industrials,Industrial Machinery & Supplies & Components,QQ1,2024,2024-05-03 00:00:00,"{'neg': 0.017, 'neu': 0.75, 'pos': 0.233, 'compound': 1.0}",1
246,PODD,Insulet,Health Care,Health Care Equipment,QQ1,2024,2024-05-09 00:00:00,"{'neg': 0.021, 'neu': 0.737, 'pos': 0.241, 'compound': 1.0}",1
247,INTC,Intel,Information Technology,Semiconductors,QQ1,2024,2024-04-25 00:00:00,"{'neg': 0.031, 'neu': 0.728, 'pos': 0.241, 'compound': 1.0}",1
248,ICE,Intercontinental Exchange,Financials,Financial Exchanges & Data,QQ1,2024,2024-05-02 00:00:00,"{'neg': 0.032, 'neu': 0.742, 'pos': 0.226, 'compound': 1.0}",1
249,IFF,International Flavors & Fragrances,Materials,Specialty Chemicals,QQ1,2024,2024-05-07 00:00:00,"{'neg': 0.018, 'neu': 0.703, 'pos': 0.279, 'compound': 1.0}",1
250,IP,International Paper,Materials,Paper & Plastic Packaging Products & Materials,QQ1,2024,2024-04-25 00:00:00,"{'neg': 0.032, 'neu': 0.739, 'pos': 0.229, 'compound': 1.0}",1
251,IPG,Interpublic Group of Companies (The),Communication Services,Advertising,QQ1,2024,2024-04-24 00:00:00,"{'neg': 0.02, 'neu': 0.744, 'pos': 0.236, 'compound': 1.0}",1
252,INTU,Intuit,Information Technology,Application Software,QQ1,2024,2023-11-28 21:32:11,"{'neg': 0.017, 'neu': 0.717, 'pos': 0.265, 'compound': 1.0}",1
253,ISRG,Intuitive Surgical,Health Care,Health Care Equipment,QQ1,2024,2024-04-18 19:22:03,"{'neg': 0.036, 'neu': 0.725, 'pos': 0.24, 'compound': 1.0}",1
254,IVZ,Invesco,Financials,Asset Management & Custody Banks,QQ1,2024,2024-04-23 12:01:03,"{'neg': 0.035, 'neu': 0.715, 'pos': 0.25, 'compound': 1.0}",1
255,INVH,Invitation Homes,Real Estate,Single-Family Residential REITs,QQ1,2024,2024-05-01 00:00:00,"{'neg': 0.028, 'neu': 0.757, 'pos': 0.216, 'compound': 1.0}",1
256,IQV,IQVIA,Health Care,Life Sciences Tools & Services,QQ1,2024,2024-05-02 00:00:00,"{'neg': 0.027, 'neu': 0.758, 'pos': 0.215, 'compound': 1.0}",1
257,IRM,Iron Mountain,Real Estate,Other Specialized REITs,QQ1,2024,2024-05-02 00:00:00,"{'neg': 0.012, 'neu': 0.728, 'pos': 0.261, 'compound': 1.0}",1
258,JBHT,J.B. Hunt,Industrials,Cargo Ground Transportation,QQ1,2024,2024-04-16 23:55:22,"{'neg': 0.047, 'neu': 0.687, 'pos': 0.265, 'compound': 1.0}",1
259,JBL,Jabil,Information Technology,Electronic Manufacturing Services,QQ1,2024,2023-12-14 12:09:09,"{'neg': 0.032, 'neu': 0.751, 'pos': 0.218, 'compound': 1.0}",1
260,JKHY,Jack Henry & Associates,Financials,Transaction & Payment Processing Services,QQ1,2024,2023-11-08 12:58:09,"{'neg': 0.024, 'neu': 0.708, 'pos': 0.268, 'compound': 1.0}",1
261,J,Jacobs Solutions,Industrials,Construction & Engineering,QQ1,2024,2024-02-06 16:37:10,"{'neg': 0.015, 'neu': 0.724, 'pos': 0.261, 'compound': 1.0}",1
262,JNJ,Johnson & Johnson,Health Care,Pharmaceuticals,QQ1,2024,2024-04-16 12:19:01,"{'neg': 0.031, 'neu': 0.699, 'pos': 0.27, 'compound': 1.0}",1
263,JCI,Johnson Controls,Industrials,Building Products,QQ1,2024,2024-01-30 11:32:06,"{'neg': 0.032, 'neu': 0.706, 'pos': 0.261, 'compound': 1.0}",1
264,JPM,JPMorgan Chase,Financials,Diversified Banks,QQ1,2024,2024-04-12 00:00:00,"{'neg': 0.051, 'neu': 0.74, 'pos': 0.209, 'compound': 1.0}",1
265,K,Kellanova,Consumer Staples,Packaged Foods & Meats,QQ1,2024,2024-05-02 14:11:02,"{'neg': 0.037, 'neu': 0.695, 'pos': 0.268, 'compound': 1.0}",1
266,KVUE,Kenvue,Consumer Staples,Personal Care Products,QQ1,2024,2024-05-07 13:22:10,"{'neg': 0.024, 'neu': 0.7, 'pos': 0.276, 'compound': 1.0}",1
267,KDP,Keurig Dr Pepper,Consumer Staples,Soft Drinks & Non-alcoholic Beverages,QQ1,2024,2024-04-25 00:00:00,"{'neg': 0.015, 'neu': 0.71, 'pos': 0.275, 'compound': 1.0}",1
268,KEY,KeyCorp,Financials,Regional Banks,QQ1,2024,2024-04-18 12:14:09,"{'neg': 0.05, 'neu': 0.715, 'pos': 0.234, 'compound': 1.0}",1
269,KEYS,Keysight,Information Technology,Electronic Equipment & Instruments,QQ1,2024,2024-02-20 20:34:06,"{'neg': 0.029, 'neu': 0.754, 'pos': 0.217, 'compound': 1.0}",1
270,KMB,Kimberly-Clark,Consumer Staples,Household Products,QQ1,2024,2024-04-23 10:43:09,"{'neg': 0.021, 'neu': 0.703, 'pos': 0.276, 'compound': 1.0}",1
271,KIM,Kimco Realty,Real Estate,Retail REITs,QQ1,2024,2024-05-02 00:00:00,"{'neg': 0.029, 'neu': 0.752, 'pos': 0.22, 'compound': 1.0}",1
272,KMI,Kinder Morgan,Energy,Oil & Gas Storage & Transportation,QQ1,2024,2024-04-17 19:08:09,"{'neg': 0.034, 'neu': 0.712, 'pos': 0.254, 'compound': 1.0}",1
273,KLAC,KLA Corporation,Information Technology,Semiconductor Materials & Equipment,QQ1,2024,2023-10-25 00:00:00,"{'neg': 0.032, 'neu': 0.773, 'pos': 0.195, 'compound': 1.0}",1
274,KHC,Kraft Heinz,Consumer Staples,Packaged Foods & Meats,QQ1,2024,2024-05-01 00:00:00,"{'neg': 0.024, 'neu': 0.744, 'pos': 0.232, 'compound': 1.0}",1
275,KR,Kroger,Consumer Staples,Food Retail,QQ1,2024,2023-06-15 00:00:00,"{'neg': 0.033, 'neu': 0.685, 'pos': 0.282, 'compound': 1.0}",1
276,LHX,L3Harris,Industrials,Aerospace & Defense,QQ1,2024,2024-04-26 00:00:00,"{'neg': 0.03, 'neu': 0.734, 'pos': 0.236, 'compound': 1.0}",1
277,LH,LabCorp,Health Care,Health Care Services,QQ1,2024,2024-04-25 00:00:00,"{'neg': 0.025, 'neu': 0.755, 'pos': 0.219, 'compound': 1.0}",1
278,LRCX,Lam Research,Information Technology,Semiconductor Materials & Equipment,QQ1,2024,2023-10-18 21:56:04,"{'neg': 0.032, 'neu': 0.752, 'pos': 0.215, 'compound': 1.0}",1
279,LW,Lamb Weston,Consumer Staples,Packaged Foods & Meats,QQ1,2024,2023-10-05 12:53:08,"{'neg': 0.043, 'neu': 0.732, 'pos': 0.225, 'compound': 1.0}",1
280,LVS,Las Vegas Sands,Consumer Discretionary,Casinos & Gaming,QQ1,2024,2024-04-17 20:43:07,"{'neg': 0.035, 'neu': 0.707, 'pos': 0.258, 'compound': 1.0}",1
281,LDOS,Leidos,Industrials,Diversified Support Services,QQ1,2024,2024-04-30 00:00:00,"{'neg': 0.031, 'neu': 0.685, 'pos': 0.284, 'compound': 1.0}",1
282,LEN,Lennar,Consumer Discretionary,Homebuilding,QQ1,2024,2024-03-14 13:48:08,"{'neg': 0.032, 'neu': 0.738, 'pos': 0.231, 'compound': 1.0}",1
283,LIN,Linde plc,Materials,Industrial Gases,QQ1,2024,2024-05-02 00:00:00,"{'neg': 0.028, 'neu': 0.763, 'pos': 0.209, 'compound': 1.0}",1
284,LYV,Live Nation Entertainment,Communication Services,Movies & Entertainment,QQ1,2024,2024-05-02 00:00:00,"{'neg': 0.021, 'neu': 0.766, 'pos': 0.212, 'compound': 0.9999}",1
285,LKQ,LKQ Corporation,Consumer Discretionary,Distributors,QQ1,2024,2024-04-23 10:54:08,"{'neg': 0.044, 'neu': 0.756, 'pos': 0.2, 'compound': 1.0}",1
286,LMT,Lockheed Martin,Industrials,Aerospace & Defense,QQ1,2024,2024-04-23 14:23:08,"{'neg': 0.055, 'neu': 0.728, 'pos': 0.217, 'compound': 1.0}",1
287,L,Loews Corporation,Financials,Multi-line Insurance,QQ1,2024,2024-05-05 00:00:00,"{'neg': 0.036, 'neu': 0.735, 'pos': 0.23, 'compound': 0.9998}",1
288,LOW,Lowe's,Consumer Discretionary,Home Improvement Retail,QQ1,2024,2023-05-23 00:00:00,"{'neg': 0.036, 'neu': 0.743, 'pos': 0.222, 'compound': 1.0}",1
289,LULU,Lululemon Athletica,Consumer Discretionary,"Apparel, Accessories & Luxury Goods",QQ1,2024,2024-06-05 19:58:04,"{'neg': 0.022, 'neu': 0.719, 'pos': 0.259, 'compound': 1.0}",1
290,LYB,LyondellBasell,Materials,Specialty Chemicals,QQ1,2024,2024-04-26 00:00:00,"{'neg': 0.033, 'neu': 0.729, 'pos': 0.238, 'compound': 1.0}",1
291,MTB,M&T Bank,Financials,Regional Banks,QQ1,2024,2024-04-15 11:59:07,"{'neg': 0.052, 'neu': 0.716, 'pos': 0.233, 'compound': 1.0}",1
292,MRO,Marathon Oil,Energy,Oil & Gas Exploration & Production,QQ1,2024,2024-05-02 00:00:00,"{'neg': 0.021, 'neu': 0.707, 'pos': 0.272, 'compound': 1.0}",1
293,MPC,Marathon Petroleum,Energy,Oil & Gas Refining & Marketing,QQ1,2024,2024-04-30 00:00:00,"{'neg': 0.029, 'neu': 0.762, 'pos': 0.209, 'compound': 1.0}",1
294,MKTX,MarketAxess,Financials,Financial Exchanges & Data,QQ1,2024,2024-05-07 00:00:00,"{'neg': 0.031, 'neu': 0.732, 'pos': 0.237, 'compound': 1.0}",1
295,MAR,Marriott International,Consumer Discretionary,"Hotels, Resorts & Cruise Lines",QQ1,2024,2024-05-01 00:00:00,"{'neg': 0.027, 'neu': 0.728, 'pos': 0.245, 'compound': 1.0}",1
296,MMC,Marsh McLennan,Financials,Insurance Brokers,QQ1,2024,2024-04-18 11:50:23,"{'neg': 0.041, 'neu': 0.674, 'pos': 0.285, 'compound': 1.0}",1
297,MLM,Martin Marietta Materials,Materials,Construction Materials,QQ1,2024,2024-04-30 00:00:00,"{'neg': 0.023, 'neu': 0.762, 'pos': 0.215, 'compound': 1.0}",1
298,MAS,Masco,Industrials,Building Products,QQ1,2024,2024-04-24 00:00:00,"{'neg': 0.032, 'neu': 0.76, 'pos': 0.207, 'compound': 1.0}",1
299,MA,Mastercard,Financials,Transaction & Payment Processing Services,QQ1,2024,2024-05-01 00:00:00,"{'neg': 0.024, 'neu': 0.706, 'pos': 0.27, 'compound': 1.0}",1
300,MTCH,Match Group,Communication Services,Interactive Media & Services,QQ1,2024,2024-05-08 00:00:00,"{'neg': 0.028, 'neu': 0.727, 'pos': 0.245, 'compound': 1.0}",1
301,MKC,McCormick & Company,Consumer Staples,Packaged Foods & Meats,QQ1,2024,2024-03-26 13:30:09,"{'neg': 0.022, 'neu': 0.702, 'pos': 0.276, 'compound': 1.0}",1
302,MCD,McDonald's,Consumer Discretionary,Restaurants,QQ1,2024,2024-04-30 00:00:00,"{'neg': 0.017, 'neu': 0.697, 'pos': 0.286, 'compound': 1.0}",1
303,MCK,McKesson Corporation,Health Care,Health Care Distributors,QQ1,2024,2023-08-02 21:17:09,"{'neg': 0.024, 'neu': 0.685, 'pos': 0.291, 'compound': 1.0}",1
304,MDT,Medtronic,Health Care,Health Care Equipment,QQ1,2024,2023-08-22 12:40:22,"{'neg': 0.024, 'neu': 0.716, 'pos': 0.26, 'compound': 1.0}",1
305,MRK,Merck & Co.,Health Care,Pharmaceuticals,QQ1,2024,2024-04-25 00:00:00,"{'neg': 0.059, 'neu': 0.716, 'pos': 0.226, 'compound': 1.0}",1
306,META,Meta Platforms,Communication Services,Interactive Media & Services,QQ1,2024,2024-04-24 00:00:00,"{'neg': 0.011, 'neu': 0.744, 'pos': 0.245, 'compound': 1.0}",1
307,MET,MetLife,Financials,Life & Health Insurance,QQ1,2024,2024-05-02 00:00:00,"{'neg': 0.028, 'neu': 0.735, 'pos': 0.237, 'compound': 1.0}",1
308,MTD,Mettler Toledo,Health Care,Life Sciences Tools & Services,QQ1,2024,2024-05-10 00:00:00,"{'neg': 0.035, 'neu': 0.679, 'pos': 0.287, 'compound': 1.0}",1
309,MGM,MGM Resorts,Consumer Discretionary,Casinos & Gaming,QQ1,2024,2024-05-01 00:00:00,"{'neg': 0.017, 'neu': 0.76, 'pos': 0.223, 'compound': 1.0}",1
310,MCHP,Microchip Technology,Information Technology,Semiconductors,QQ1,2024,2023-08-03 20:19:05,"{'neg': 0.057, 'neu': 0.759, 'pos': 0.185, 'compound': 1.0}",1
311,MU,Micron Technology,Information Technology,Semiconductors,QQ1,2024,2023-12-20 19:36:11,"{'neg': 0.039, 'neu': 0.722, 'pos': 0.239, 'compound': 1.0}",1
312,MSFT,Microsoft,Information Technology,Systems Software,QQ1,2024,2023-10-24 22:14:03,"{'neg': 0.028, 'neu': 0.738, 'pos': 0.234, 'compound': 1.0}",1
313,MAA,Mid-America Apartment Communities,Real Estate,Multi-Family Residential REITs,QQ1,2024,2024-05-02 00:00:00,"{'neg': 0.035, 'neu': 0.769, 'pos': 0.196, 'compound': 1.0}",1
314,MRNA,Moderna,Health Care,Biotechnology,QQ1,2024,2024-05-02 00:00:00,"{'neg': 0.039, 'neu': 0.764, 'pos': 0.197, 'compound': 1.0}",1
315,MHK,Mohawk Industries,Consumer Discretionary,Home Furnishings,QQ1,2024,2024-04-26 00:00:00,"{'neg': 0.048, 'neu': 0.745, 'pos': 0.207, 'compound': 1.0}",1
316,MOH,Molina Healthcare,Health Care,Managed Health Care,QQ1,2024,2024-04-25 00:00:00,"{'neg': 0.03, 'neu': 0.767, 'pos': 0.203, 'compound': 1.0}",1
317,TAP,Molson Coors Beverage Company,Consumer Staples,Brewers,QQ1,2024,2024-04-30 00:00:00,"{'neg': 0.026, 'neu': 0.757, 'pos': 0.217, 'compound': 1.0}",1
318,MDLZ,Mondelez International,Consumer Staples,Packaged Foods & Meats,QQ1,2024,2024-04-30 00:00:00,"{'neg': 0.036, 'neu': 0.691, 'pos': 0.273, 'compound': 1.0}",1
319,MPWR,Monolithic Power Systems,Information Technology,Semiconductors,QQ1,2024,2024-05-01 00:00:00,"{'neg': 0.027, 'neu': 0.746, 'pos': 0.227, 'compound': 1.0}",1
320,MNST,Monster Beverage,Consumer Staples,Soft Drinks & Non-alcoholic Beverages,QQ1,2024,2024-05-02 00:00:00,"{'neg': 0.026, 'neu': 0.755, 'pos': 0.218, 'compound': 1.0}",1
321,MCO,Moody's Corporation,Financials,Financial Exchanges & Data,QQ1,2024,2024-05-02 00:00:00,"{'neg': 0.046, 'neu': 0.73, 'pos': 0.224, 'compound': 1.0}",1
322,MS,Morgan Stanley,Financials,Investment Banking & Brokerage,QQ1,2024,2024-04-16 12:37:09,"{'neg': 0.014, 'neu': 0.719, 'pos': 0.267, 'compound': 1.0}",1
323,MOS,Mosaic Company (The),Materials,Fertilizers & Agricultural Chemicals,QQ1,2024,2024-05-02 00:00:00,"{'neg': 0.036, 'neu': 0.749, 'pos': 0.215, 'compound': 1.0}",1
324,MSI,Motorola Solutions,Information Technology,Communications Equipment,QQ1,2024,2024-05-02 00:00:00,"{'neg': 0.028, 'neu': 0.763, 'pos': 0.208, 'compound': 1.0}",1
325,MSCI,MSCI,Financials,Financial Exchanges & Data,QQ1,2024,2024-04-23 13:56:09,"{'neg': 0.032, 'neu': 0.714, 'pos': 0.254, 'compound': 1.0}",1
326,NDAQ,"Nasdaq, Inc.",Financials,Financial Exchanges & Data,QQ1,2024,2024-04-25 00:00:00,"{'neg': 0.021, 'neu': 0.718, 'pos': 0.261, 'compound': 1.0}",1
327,NTAP,NetApp,Information Technology,"Technology Hardware, Storage & Peripherals",QQ1,2024,2023-08-23 20:54:10,"{'neg': 0.026, 'neu': 0.719, 'pos': 0.255, 'compound': 1.0}",1
328,NFLX,Netflix,Communication Services,Movies & Entertainment,QQ1,2024,2024-04-18 19:39:09,"{'neg': 0.024, 'neu': 0.672, 'pos': 0.305, 'compound': 1.0}",1
329,NEM,Newmont,Materials,Gold,QQ1,2024,2024-04-25 00:00:00,"{'neg': 0.036, 'neu': 0.755, 'pos': 0.209, 'compound': 1.0}",1
330,NWSA,News Corp (Class A),Communication Services,Publishing,QQ1,2024,2023-11-09 22:56:04,"{'neg': 0.028, 'neu': 0.724, 'pos': 0.248, 'compound': 1.0}",1
331,NEE,NextEra Energy,Utilities,Multi-Utilities,QQ1,2024,2024-04-23 12:18:11,"{'neg': 0.027, 'neu': 0.726, 'pos': 0.247, 'compound': 1.0}",1
332,NKE,"Nike, Inc.",Consumer Discretionary,"Apparel, Accessories & Luxury Goods",QQ1,2024,2023-09-28 21:13:10,"{'neg': 0.022, 'neu': 0.706, 'pos': 0.272, 'compound': 1.0}",1
333,NI,NiSource,Utilities,Multi-Utilities,QQ1,2024,2024-05-08 00:00:00,"{'neg': 0.027, 'neu': 0.762, 'pos': 0.211, 'compound': 1.0}",1
334,NDSN,Nordson Corporation,Industrials,Industrial Machinery & Supplies & Components,QQ1,2024,2024-02-22 14:05:24,"{'neg': 0.029, 'neu': 0.741, 'pos': 0.229, 'compound': 1.0}",1
335,NSC,Norfolk Southern Railway,Industrials,Rail Transportation,QQ1,2024,2024-04-24 00:00:00,"{'neg': 0.036, 'neu': 0.731, 'pos': 0.233, 'compound': 1.0}",1
336,NTRS,Northern Trust,Financials,Asset Management & Custody Banks,QQ1,2024,2024-04-16 12:22:14,"{'neg': 0.024, 'neu': 0.724, 'pos': 0.253, 'compound': 1.0}",1
337,NOC,Northrop Grumman,Industrials,Aerospace & Defense,QQ1,2024,2024-04-25 00:00:00,"{'neg': 0.034, 'neu': 0.727, 'pos': 0.239, 'compound': 1.0}",1
338,NCLH,Norwegian Cruise Line Holdings,Consumer Discretionary,"Hotels, Resorts & Cruise Lines",QQ1,2024,2024-05-01 00:00:00,"{'neg': 0.026, 'neu': 0.734, 'pos': 0.24, 'compound': 1.0}",1
339,NRG,NRG Energy,Utilities,Independent Power Producers & Energy Traders,QQ1,2024,2024-05-07 00:00:00,"{'neg': 0.03, 'neu': 0.73, 'pos': 0.24, 'compound': 1.0}",1
340,NUE,Nucor,Materials,Steel,QQ1,2024,2024-04-23 13:44:08,"{'neg': 0.029, 'neu': 0.78, 'pos': 0.191, 'compound': 1.0}",1
341,NVDA,Nvidia,Information Technology,Semiconductors,QQ1,2024,2023-05-24 22:33:03,"{'neg': 0.022, 'neu': 0.795, 'pos': 0.183, 'compound': 1.0}",1
342,NXPI,NXP Semiconductors,Information Technology,Semiconductors,QQ1,2024,2024-04-30 00:00:00,"{'neg': 0.04, 'neu': 0.782, 'pos': 0.178, 'compound': 1.0}",1
343,ORLY,O'Reilly Auto Parts,Consumer Discretionary,Automotive Retail,QQ1,2024,2024-04-25 00:00:00,"{'neg': 0.035, 'neu': 0.737, 'pos': 0.228, 'compound': 1.0}",1
344,OXY,Occidental Petroleum,Energy,Oil & Gas Exploration & Production,QQ1,2024,2024-05-08 00:00:00,"{'neg': 0.029, 'neu': 0.731, 'pos': 0.241, 'compound': 1.0}",1
345,ODFL,Old Dominion,Industrials,Cargo Ground Transportation,QQ1,2024,2024-04-24 00:00:00,"{'neg': 0.02, 'neu': 0.722, 'pos': 0.258, 'compound': 1.0}",1
346,OMC,Omnicom Group,Communication Services,Advertising,QQ1,2024,2024-04-16 20:21:10,"{'neg': 0.019, 'neu': 0.757, 'pos': 0.224, 'compound': 1.0}",1
347,ON,ON Semiconductor,Information Technology,Semiconductors,QQ1,2024,2024-04-29 00:00:00,"{'neg': 0.036, 'neu': 0.769, 'pos': 0.195, 'compound': 1.0}",1
348,OKE,ONEOK,Energy,Oil & Gas Storage & Transportation,QQ1,2024,2024-05-01 00:00:00,"{'neg': 0.029, 'neu': 0.763, 'pos': 0.208, 'compound': 1.0}",1
349,ORCL,Oracle Corporation,Information Technology,Application Software,QQ1,2024,2023-09-11 19:48:09,"{'neg': 0.032, 'neu': 0.763, 'pos': 0.205, 'compound': 0.9999}",1
350,OTIS,Otis Worldwide,Industrials,Industrial Machinery & Supplies & Components,QQ1,2024,2024-04-24 00:00:00,"{'neg': 0.027, 'neu': 0.764, 'pos': 0.209, 'compound': 1.0}",1
351,PCAR,Paccar,Industrials,Construction Machinery & Heavy Transportation Equipment,QQ1,2024,2024-04-30 00:00:00,"{'neg': 0.017, 'neu': 0.714, 'pos': 0.269, 'compound': 1.0}",1
352,PKG,Packaging Corporation of America,Materials,Paper & Plastic Packaging Products & Materials,QQ1,2024,2024-04-23 18:33:09,"{'neg': 0.026, 'neu': 0.772, 'pos': 0.201, 'compound': 1.0}",1
353,PANW,Palo Alto Networks,Information Technology,Systems Software,QQ1,2024,2023-11-15 21:27:04,"{'neg': 0.039, 'neu': 0.741, 'pos': 0.221, 'compound': 1.0}",1
354,PARA,Paramount Global,Communication Services,Movies & Entertainment,QQ1,2024,2024-04-29 00:00:00,"{'neg': 0.017, 'neu': 0.681, 'pos': 0.302, 'compound': 0.9998}",1
355,PH,Parker Hannifin,Industrials,Industrial Machinery & Supplies & Components,QQ1,2024,2023-11-02 15:56:03,"{'neg': 0.027, 'neu': 0.724, 'pos': 0.248, 'compound': 1.0}",1
356,PAYX,Paychex,Industrials,Human Resource & Employment Services,QQ1,2024,2023-09-27 14:25:23,"{'neg': 0.022, 'neu': 0.719, 'pos': 0.258, 'compound': 1.0}",1
357,PAYC,Paycom,Industrials,Human Resource & Employment Services,QQ1,2024,2024-05-01 00:00:00,"{'neg': 0.02, 'neu': 0.774, 'pos': 0.206, 'compound': 1.0}",1
358,PYPL,PayPal,Financials,Transaction & Payment Processing Services,QQ1,2024,2024-04-30 00:00:00,"{'neg': 0.031, 'neu': 0.702, 'pos': 0.266, 'compound': 1.0}",1
359,PNR,Pentair,Industrials,Industrial Machinery & Supplies & Components,QQ1,2024,2024-04-23 15:05:29,"{'neg': 0.023, 'neu': 0.73, 'pos': 0.247, 'compound': 1.0}",1
360,PEP,PepsiCo,Consumer Staples,Soft Drinks & Non-alcoholic Beverages,QQ1,2024,2024-04-23 09:11:08,"{'neg': 0.017, 'neu': 0.692, 'pos': 0.29, 'compound': 1.0}",1
361,PFE,Pfizer,Health Care,Pharmaceuticals,QQ1,2024,2024-05-01 00:00:00,"{'neg': 0.04, 'neu': 0.721, 'pos': 0.239, 'compound': 1.0}",1
362,PCG,PG&E Corporation,Utilities,Multi-Utilities,QQ1,2024,2024-04-25 00:00:00,"{'neg': 0.039, 'neu': 0.714, 'pos': 0.247, 'compound': 1.0}",1
363,PM,Philip Morris International,Consumer Staples,Tobacco,QQ1,2024,2024-04-23 13:51:02,"{'neg': 0.027, 'neu': 0.712, 'pos': 0.26, 'compound': 1.0}",1
364,PSX,Phillips 66,Energy,Oil & Gas Refining & Marketing,QQ1,2024,2024-04-26 00:00:00,"{'neg': 0.03, 'neu': 0.752, 'pos': 0.217, 'compound': 1.0}",1
365,PNW,Pinnacle West,Utilities,Multi-Utilities,QQ1,2024,2024-05-02 00:00:00,"{'neg': 0.035, 'neu': 0.744, 'pos': 0.221, 'compound': 1.0}",1
366,PNC,PNC Financial Services,Financials,Regional Banks,QQ1,2024,2024-04-16 13:28:08,"{'neg': 0.06, 'neu': 0.721, 'pos': 0.219, 'compound': 1.0}",1
367,POOL,Pool Corporation,Consumer Discretionary,Distributors,QQ1,2024,2024-04-25 00:00:00,"{'neg': 0.039, 'neu': 0.755, 'pos': 0.206, 'compound': 1.0}",1
368,PPG,PPG Industries,Materials,Specialty Chemicals,QQ1,2024,2024-04-19 12:16:03,"{'neg': 0.029, 'neu': 0.724, 'pos': 0.248, 'compound': 1.0}",1
369,PPL,PPL Corporation,Utilities,Electric Utilities,QQ1,2024,2024-05-01 00:00:00,"{'neg': 0.021, 'neu': 0.745, 'pos': 0.234, 'compound': 1.0}",1
370,PFG,Principal Financial Group,Financials,Life & Health Insurance,QQ1,2024,2024-04-26 00:00:00,"{'neg': 0.022, 'neu': 0.712, 'pos': 0.266, 'compound': 1.0}",1
371,PG,Procter & Gamble,Consumer Staples,Personal Care Products,QQ1,2024,2023-10-18 11:27:06,"{'neg': 0.025, 'neu': 0.66, 'pos': 0.315, 'compound': 1.0}",1
372,PGR,Progressive Corporation,Financials,Property & Casualty Insurance,QQ1,2024,2024-05-07 00:00:00,"{'neg': 0.031, 'neu': 0.755, 'pos': 0.213, 'compound': 1.0}",1
373,PLD,Prologis,Real Estate,Industrial REITs,QQ1,2024,2024-04-17 15:27:08,"{'neg': 0.041, 'neu': 0.766, 'pos': 0.192, 'compound': 1.0}",1
374,PRU,Prudential Financial,Financials,Life & Health Insurance,QQ1,2024,2024-05-01 00:00:00,"{'neg': 0.026, 'neu': 0.727, 'pos': 0.247, 'compound': 1.0}",1
375,PEG,Public Service Enterprise Group,Utilities,Electric Utilities,QQ1,2024,2024-04-30 15:48:10,"{'neg': 0.018, 'neu': 0.771, 'pos': 0.211, 'compound': 1.0}",1
376,PTC,PTC,Information Technology,Application Software,QQ1,2024,2024-01-31 20:47:11,"{'neg': 0.022, 'neu': 0.708, 'pos': 0.27, 'compound': 1.0}",1
377,PSA,Public Storage,Real Estate,Self-Storage REITs,QQ1,2024,2024-05-01 00:00:00,"{'neg': 0.03, 'neu': 0.756, 'pos': 0.214, 'compound': 1.0}",1
378,PHM,PulteGroup,Consumer Discretionary,Homebuilding,QQ1,2024,2024-04-23 11:47:09,"{'neg': 0.035, 'neu': 0.727, 'pos': 0.239, 'compound': 1.0}",1
379,QRVO,Qorvo,Information Technology,Semiconductors,QQ1,2024,2023-08-02 20:15:09,"{'neg': 0.034, 'neu': 0.735, 'pos': 0.231, 'compound': 1.0}",1
380,PWR,Quanta Services,Industrials,Construction & Engineering,QQ1,2024,2024-05-02 00:00:00,"{'neg': 0.026, 'neu': 0.749, 'pos': 0.225, 'compound': 1.0}",1
381,QCOM,Qualcomm,Information Technology,Semiconductors,QQ1,2024,2024-01-31 19:29:08,"{'neg': 0.015, 'neu': 0.751, 'pos': 0.234, 'compound': 1.0}",1
382,DGX,Quest Diagnostics,Health Care,Health Care Services,QQ1,2024,2024-04-23 12:31:02,"{'neg': 0.023, 'neu': 0.73, 'pos': 0.247, 'compound': 1.0}",1
383,RL,Ralph Lauren Corporation,Consumer Discretionary,"Apparel, Accessories & Luxury Goods",QQ1,2024,2023-08-10 13:15:27,"{'neg': 0.027, 'neu': 0.747, 'pos': 0.226, 'compound': 1.0}",1
384,RJF,Raymond James,Financials,Investment Banking & Brokerage,QQ1,2024,2024-04-24 00:00:00,"{'neg': 0.026, 'neu': 0.732, 'pos': 0.242, 'compound': 1.0}",1
385,RTX,RTX Corporation,Industrials,Aerospace & Defense,QQ1,2024,2024-04-23 12:30:09,"{'neg': 0.029, 'neu': 0.719, 'pos': 0.252, 'compound': 1.0}",1
386,O,Realty Income,Real Estate,Retail REITs,QQ1,2024,2024-05-07 16:38:10,"{'neg': 0.028, 'neu': 0.74, 'pos': 0.232, 'compound': 1.0}",1
387,REG,Regency Centers,Real Estate,Retail REITs,QQ1,2024,2024-05-03 00:00:00,"{'neg': 0.021, 'neu': 0.74, 'pos': 0.239, 'compound': 1.0}",1
388,REGN,Regeneron,Health Care,Biotechnology,QQ1,2024,2024-05-02 00:00:00,"{'neg': 0.054, 'neu': 0.768, 'pos': 0.178, 'compound': 1.0}",1
389,RF,Regions Financial Corporation,Financials,Regional Banks,QQ1,2024,2024-04-19 13:18:07,"{'neg': 0.049, 'neu': 0.723, 'pos': 0.228, 'compound': 1.0}",1
390,RSG,Republic Services,Industrials,Environmental & Facilities Services,QQ1,2024,2024-04-30 00:00:00,"{'neg': 0.025, 'neu': 0.739, 'pos': 0.236, 'compound': 1.0}",1
391,RMD,ResMed,Health Care,Health Care Equipment,QQ1,2024,2023-10-26 21:52:09,"{'neg': 0.03, 'neu': 0.724, 'pos': 0.246, 'compound': 1.0}",1
392,RVTY,Revvity,Health Care,Health Care Equipment,QQ1,2024,2024-04-29 00:00:00,"{'neg': 0.031, 'neu': 0.769, 'pos': 0.199, 'compound': 1.0}",1
393,RHI,Robert Half,Industrials,Human Resource & Employment Services,QQ1,2024,2024-04-25 00:00:00,"{'neg': 0.032, 'neu': 0.752, 'pos': 0.216, 'compound': 1.0}",1
394,ROK,Rockwell Automation,Industrials,Electrical Components & Equipment,QQ1,2024,2024-01-31 12:47:07,"{'neg': 0.024, 'neu': 0.769, 'pos': 0.206, 'compound': 1.0}",1
395,ROL,"Rollins, Inc.",Industrials,Environmental & Facilities Services,QQ1,2024,2024-04-25 00:00:00,"{'neg': 0.03, 'neu': 0.695, 'pos': 0.275, 'compound': 1.0}",1
396,ROP,Roper Technologies,Information Technology,Electronic Equipment & Instruments,QQ1,2024,2024-04-26 00:00:00,"{'neg': 0.026, 'neu': 0.736, 'pos': 0.238, 'compound': 1.0}",1
397,ROST,Ross Stores,Consumer Discretionary,Apparel Retail,QQ1,2024,2023-05-18 00:00:00,"{'neg': 0.029, 'neu': 0.779, 'pos': 0.192, 'compound': 1.0}",1
398,RCL,Royal Caribbean Group,Consumer Discretionary,"Hotels, Resorts & Cruise Lines",QQ1,2024,2024-04-25 00:00:00,"{'neg': 0.025, 'neu': 0.714, 'pos': 0.261, 'compound': 1.0}",1
399,SPGI,S&P Global,Financials,Financial Exchanges & Data,QQ1,2024,2024-04-25 00:00:00,"{'neg': 0.019, 'neu': 0.731, 'pos': 0.249, 'compound': 1.0}",1
400,CRM,Salesforce,Information Technology,Application Software,QQ1,2024,2023-05-31 21:02:09,"{'neg': 0.019, 'neu': 0.737, 'pos': 0.244, 'compound': 1.0}",1
401,SBAC,SBA Communications,Real Estate,Telecom Tower REITs,QQ1,2024,2024-04-29 00:00:00,"{'neg': 0.045, 'neu': 0.754, 'pos': 0.201, 'compound': 1.0}",1
402,SLB,Schlumberger,Energy,Oil & Gas Equipment & Services,QQ1,2024,2024-04-19 14:29:10,"{'neg': 0.03, 'neu': 0.713, 'pos': 0.258, 'compound': 1.0}",1
403,STX,Seagate Technology,Information Technology,"Technology Hardware, Storage & Peripherals",QQ1,2024,2023-10-26 12:46:09,"{'neg': 0.048, 'neu': 0.725, 'pos': 0.227, 'compound': 1.0}",1
404,SRE,Sempra Energy,Utilities,Multi-Utilities,QQ1,2024,2024-05-07 00:00:00,"{'neg': 0.019, 'neu': 0.728, 'pos': 0.253, 'compound': 1.0}",1
405,NOW,ServiceNow,Information Technology,Systems Software,QQ1,2024,2024-04-24 00:00:00,"{'neg': 0.016, 'neu': 0.755, 'pos': 0.229, 'compound': 1.0}",1
406,SHW,Sherwin-Williams,Materials,Specialty Chemicals,QQ1,2024,2024-04-23 14:51:02,"{'neg': 0.034, 'neu': 0.739, 'pos': 0.227, 'compound': 1.0}",1
407,SPG,Simon Property Group,Real Estate,Retail REITs,QQ1,2024,2024-05-06 00:00:00,"{'neg': 0.027, 'neu': 0.759, 'pos': 0.214, 'compound': 1.0}",1
408,SWKS,Skyworks Solutions,Information Technology,Semiconductors,QQ1,2024,2024-01-30 18:55:03,"{'neg': 0.04, 'neu': 0.734, 'pos': 0.227, 'compound': 1.0}",1
409,SJM,J.M. Smucker Company (The),Consumer Staples,Packaged Foods & Meats,QQ1,2024,2023-08-29 11:39:08,"{'neg': 0.032, 'neu': 0.729, 'pos': 0.239, 'compound': 0.9999}",1
410,SNA,Snap-on,Industrials,Industrial Machinery & Supplies & Components,QQ1,2024,2024-04-18 13:24:10,"{'neg': 0.059, 'neu': 0.723, 'pos': 0.218, 'compound': 1.0}",1
411,SO,Southern Company,Utilities,Electric Utilities,QQ1,2024,2024-05-02 00:00:00,"{'neg': 0.028, 'neu': 0.745, 'pos': 0.227, 'compound': 1.0}",1
412,LUV,Southwest Airlines,Industrials,Passenger Airlines,QQ1,2024,2024-04-25 00:00:00,"{'neg': 0.044, 'neu': 0.746, 'pos': 0.21, 'compound': 1.0}",1
413,SWK,Stanley Black & Decker,Industrials,Industrial Machinery & Supplies & Components,QQ1,2024,2024-05-02 00:00:00,"{'neg': 0.034, 'neu': 0.729, 'pos': 0.237, 'compound': 1.0}",1
414,SBUX,Starbucks,Consumer Discretionary,Restaurants,QQ1,2024,2024-01-30 21:50:19,"{'neg': 0.022, 'neu': 0.711, 'pos': 0.268, 'compound': 1.0}",1
415,STT,State Street Corporation,Financials,Asset Management & Custody Banks,QQ1,2024,2024-04-12 13:50:25,"{'neg': 0.017, 'neu': 0.751, 'pos': 0.232, 'compound': 1.0}",1
416,STLD,Steel Dynamics,Materials,Steel,QQ1,2024,2024-04-24 00:00:00,"{'neg': 0.025, 'neu': 0.733, 'pos': 0.242, 'compound': 1.0}",1
417,STE,Steris,Health Care,Health Care Equipment,QQ1,2024,2023-08-02 13:44:06,"{'neg': 0.031, 'neu': 0.747, 'pos': 0.223, 'compound': 0.9999}",1
418,SYK,Stryker Corporation,Health Care,Health Care Equipment,QQ1,2024,2024-04-30 00:00:00,"{'neg': 0.035, 'neu': 0.716, 'pos': 0.249, 'compound': 1.0}",1
419,SMCI,Supermicro,Information Technology,"Technology Hardware, Storage & Peripherals",QQ1,2024,2023-11-01 20:27:02,"{'neg': 0.029, 'neu': 0.742, 'pos': 0.229, 'compound': 1.0}",1
420,SYF,Synchrony Financial,Financials,Consumer Finance,QQ1,2024,2024-04-24 00:00:00,"{'neg': 0.031, 'neu': 0.763, 'pos': 0.206, 'compound': 1.0}",1
421,SNPS,Synopsys,Information Technology,Application Software,QQ1,2024,2024-02-21 20:27:13,"{'neg': 0.011, 'neu': 0.763, 'pos': 0.225, 'compound': 1.0}",1
422,SYY,Sysco,Consumer Staples,Food Distributors,QQ1,2024,2023-10-31 14:44:03,"{'neg': 0.018, 'neu': 0.678, 'pos': 0.304, 'compound': 1.0}",1
423,TMUS,T-Mobile US,Communication Services,Wireless Telecommunication Services,QQ1,2024,2024-04-25 00:00:00,"{'neg': 0.021, 'neu': 0.726, 'pos': 0.253, 'compound': 1.0}",1
424,TROW,T. Rowe Price,Financials,Asset Management & Custody Banks,QQ1,2024,2024-04-26 00:00:00,"{'neg': 0.026, 'neu': 0.738, 'pos': 0.237, 'compound': 1.0}",1
425,TTWO,Take-Two Interactive,Communication Services,Interactive Home Entertainment,QQ1,2024,2023-08-08 19:31:10,"{'neg': 0.033, 'neu': 0.712, 'pos': 0.256, 'compound': 1.0}",1
426,TPR,"Tapestry, Inc.",Consumer Discretionary,"Apparel, Accessories & Luxury Goods",QQ1,2024,2023-11-09 13:20:15,"{'neg': 0.031, 'neu': 0.7, 'pos': 0.268, 'compound': 1.0}",1
427,TRGP,Targa Resources,Energy,Oil & Gas Storage & Transportation,QQ1,2024,2024-05-02 00:00:00,"{'neg': 0.019, 'neu': 0.765, 'pos': 0.216, 'compound': 1.0}",1
428,TGT,Target Corporation,Consumer Staples,Consumer Staples Merchandise Retail,QQ1,2024,2023-05-17 00:00:00,"{'neg': 0.042, 'neu': 0.723, 'pos': 0.235, 'compound': 1.0}",1
429,TEL,TE Connectivity,Information Technology,Electronic Manufacturing Services,QQ1,2024,2024-01-24 15:24:04,"{'neg': 0.018, 'neu': 0.752, 'pos': 0.23, 'compound': 1.0}",1
430,TDY,Teledyne Technologies,Information Technology,Electronic Equipment & Instruments,QQ1,2024,2024-04-24 00:00:00,"{'neg': 0.039, 'neu': 0.761, 'pos': 0.2, 'compound': 0.9999}",1
431,TFX,Teleflex,Health Care,Health Care Equipment,QQ1,2024,2024-05-02 00:00:00,"{'neg': 0.031, 'neu': 0.751, 'pos': 0.218, 'compound': 1.0}",1
432,TER,Teradyne,Information Technology,Semiconductor Materials & Equipment,QQ1,2024,2024-04-25 00:00:00,"{'neg': 0.032, 'neu': 0.775, 'pos': 0.193, 'compound': 1.0}",1
433,TSLA,"Tesla, Inc.",Consumer Discretionary,Automobile Manufacturers,QQ1,2024,2024-04-23 22:30:10,"{'neg': 0.034, 'neu': 0.711, 'pos': 0.255, 'compound': 1.0}",1
434,TXN,Texas Instruments,Information Technology,Semiconductors,QQ1,2024,2024-04-23 18:48:07,"{'neg': 0.022, 'neu': 0.742, 'pos': 0.236, 'compound': 1.0}",1
435,TXT,Textron,Industrials,Aerospace & Defense,QQ1,2024,2024-04-25 00:00:00,"{'neg': 0.028, 'neu': 0.756, 'pos': 0.216, 'compound': 1.0}",1
436,TMO,Thermo Fisher Scientific,Health Care,Life Sciences Tools & Services,QQ1,2024,2024-04-24 00:00:00,"{'neg': 0.02, 'neu': 0.711, 'pos': 0.269, 'compound': 1.0}",1
437,TJX,TJX Companies,Consumer Discretionary,Apparel Retail,QQ1,2024,2023-05-17 15:22:04,"{'neg': 0.022, 'neu': 0.671, 'pos': 0.307, 'compound': 1.0}",1
438,TSCO,Tractor Supply,Consumer Discretionary,Other Specialty Retail,QQ1,2024,2024-04-25 00:00:00,"{'neg': 0.025, 'neu': 0.727, 'pos': 0.248, 'compound': 1.0}",1
439,TT,Trane Technologies,Industrials,Building Products,QQ1,2024,2024-04-30 00:00:00,"{'neg': 0.019, 'neu': 0.721, 'pos': 0.26, 'compound': 1.0}",1
440,TDG,TransDigm Group,Industrials,Aerospace & Defense,QQ1,2024,2024-02-08 13:11:04,"{'neg': 0.023, 'neu': 0.74, 'pos': 0.237, 'compound': 1.0}",1
441,TRV,Travelers Companies (The),Financials,Property & Casualty Insurance,QQ1,2024,2024-04-17 12:47:07,"{'neg': 0.038, 'neu': 0.718, 'pos': 0.245, 'compound': 1.0}",1
442,TRMB,Trimble Inc.,Information Technology,Electronic Equipment & Instruments,QQ1,2024,2024-05-03 00:00:00,"{'neg': 0.038, 'neu': 0.758, 'pos': 0.204, 'compound': 1.0}",1
443,TFC,Truist,Financials,Regional Banks,QQ1,2024,2024-04-22 11:10:23,"{'neg': 0.03, 'neu': 0.735, 'pos': 0.235, 'compound': 1.0}",1
444,TYL,Tyler Technologies,Information Technology,Application Software,QQ1,2024,2024-04-25 00:00:00,"{'neg': 0.026, 'neu': 0.773, 'pos': 0.201, 'compound': 1.0}",1
445,TSN,Tyson Foods,Consumer Staples,Packaged Foods & Meats,QQ1,2024,2024-02-05 13:10:21,"{'neg': 0.026, 'neu': 0.697, 'pos': 0.277, 'compound': 1.0}",1
446,USB,U.S. Bank,Financials,Diversified Banks,QQ1,2024,2024-04-17 00:00:00,"{'neg': 0.027, 'neu': 0.744, 'pos': 0.229, 'compound': 1.0}",1
447,UBER,Uber,Industrials,Passenger Ground Transportation,QQ1,2024,2024-05-08 00:00:00,"{'neg': 0.029, 'neu': 0.719, 'pos': 0.253, 'compound': 1.0}",1
448,UDR,"UDR, Inc.",Real Estate,Multi-Family Residential REITs,QQ1,2024,2024-05-01 00:00:00,"{'neg': 0.035, 'neu': 0.751, 'pos': 0.214, 'compound': 1.0}",1
449,ULTA,Ulta Beauty,Consumer Discretionary,Other Specialty Retail,QQ1,2024,2023-05-25 00:00:00,"{'neg': 0.026, 'neu': 0.662, 'pos': 0.312, 'compound': 1.0}",1
450,UNP,Union Pacific Corporation,Industrials,Rail Transportation,QQ1,2024,2024-04-25 00:00:00,"{'neg': 0.026, 'neu': 0.708, 'pos': 0.266, 'compound': 1.0}",1
451,UAL,United Airlines Holdings,Industrials,Passenger Airlines,QQ1,2024,2024-04-17 14:48:09,"{'neg': 0.033, 'neu': 0.706, 'pos': 0.26, 'compound': 1.0}",1
452,UPS,United Parcel Service,Industrials,Air Freight & Logistics,QQ1,2024,2024-04-23 12:09:09,"{'neg': 0.019, 'neu': 0.757, 'pos': 0.224, 'compound': 1.0}",1
453,URI,United Rentals,Industrials,Trading Companies & Distributors,QQ1,2024,2024-04-25 00:00:00,"{'neg': 0.027, 'neu': 0.706, 'pos': 0.267, 'compound': 1.0}",1
454,UNH,UnitedHealth Group,Health Care,Managed Health Care,QQ1,2024,2024-04-16 12:40:30,"{'neg': 0.032, 'neu': 0.702, 'pos': 0.267, 'compound': 1.0}",1
455,UHS,Universal Health Services,Health Care,Health Care Facilities,QQ1,2024,2024-04-25 00:00:00,"{'neg': 0.027, 'neu': 0.745, 'pos': 0.228, 'compound': 1.0}",1
456,VLO,Valero Energy,Energy,Oil & Gas Refining & Marketing,QQ1,2024,2024-04-25 00:00:00,"{'neg': 0.053, 'neu': 0.777, 'pos': 0.17, 'compound': 0.9999}",1
457,VTR,Ventas,Real Estate,Health Care REITs,QQ1,2024,2024-05-02 00:00:00,"{'neg': 0.016, 'neu': 0.703, 'pos': 0.281, 'compound': 1.0}",1
458,VLTO,Veralto,Industrials,Environmental & Facilities Services,QQ1,2024,2024-04-24 00:00:00,"{'neg': 0.024, 'neu': 0.742, 'pos': 0.233, 'compound': 1.0}",1
459,VRSN,Verisign,Information Technology,Internet Services & Infrastructure,QQ1,2024,2024-04-25 00:00:00,"{'neg': 0.039, 'neu': 0.775, 'pos': 0.187, 'compound': 0.9998}",1
460,VRSK,Verisk,Industrials,Research & Consulting Services,QQ1,2024,2024-05-01 00:00:00,"{'neg': 0.035, 'neu': 0.703, 'pos': 0.262, 'compound': 1.0}",1
461,VZ,Verizon,Communication Services,Integrated Telecommunication Services,QQ1,2024,2024-04-22 12:01:03,"{'neg': 0.031, 'neu': 0.717, 'pos': 0.252, 'compound': 1.0}",1
462,VRTX,Vertex Pharmaceuticals,Health Care,Biotechnology,QQ1,2024,2024-05-06 00:00:00,"{'neg': 0.057, 'neu': 0.747, 'pos': 0.196, 'compound': 1.0}",1
463,VTRS,Viatris,Health Care,Pharmaceuticals,QQ1,2024,2024-05-09 00:00:00,"{'neg': 0.014, 'neu': 0.742, 'pos': 0.245, 'compound': 1.0}",1
464,VICI,Vici Properties,Real Estate,Hotel & Resort REITs,QQ1,2024,2024-05-02 00:00:00,"{'neg': 0.03, 'neu': 0.718, 'pos': 0.252, 'compound': 1.0}",1
465,V,Visa Inc.,Financials,Transaction & Payment Processing Services,QQ1,2024,2024-01-25 20:30:27,"{'neg': 0.021, 'neu': 0.738, 'pos': 0.241, 'compound': 1.0}",1
466,VST,Vistra,Utilities,Electric Utilities,QQ1,2024,2024-05-08 00:00:00,"{'neg': 0.024, 'neu': 0.746, 'pos': 0.231, 'compound': 1.0}",1
467,VMC,Vulcan Materials Company,Materials,Construction Materials,QQ1,2024,2024-05-02 00:00:00,"{'neg': 0.049, 'neu': 0.71, 'pos': 0.241, 'compound': 1.0}",1
468,WRB,W. R. Berkley Corporation,Financials,Property & Casualty Insurance,QQ1,2024,2024-04-23 20:14:02,"{'neg': 0.09, 'neu': 0.675, 'pos': 0.236, 'compound': 1.0}",1
469,GWW,W. W. Grainger,Industrials,Industrial Machinery & Supplies & Components,QQ1,2024,2024-04-25 00:00:00,"{'neg': 0.034, 'neu': 0.732, 'pos': 0.233, 'compound': 1.0}",1
470,WAB,Wabtec,Industrials,Construction Machinery & Heavy Transportation Equipment,QQ1,2024,2024-04-24 00:00:00,"{'neg': 0.018, 'neu': 0.745, 'pos': 0.237, 'compound': 1.0}",1
471,WBA,Walgreens Boots Alliance,Consumer Staples,Drug Retail,QQ1,2024,2024-01-04 11:49:05,"{'neg': 0.029, 'neu': 0.693, 'pos': 0.278, 'compound': 1.0}",1
472,WMT,Walmart,Consumer Staples,Consumer Staples Merchandise Retail,QQ1,2024,2023-05-18 11:17:01,"{'neg': 0.021, 'neu': 0.724, 'pos': 0.255, 'compound': 1.0}",1
473,DIS,Walt Disney Company (The),Communication Services,Movies & Entertainment,QQ1,2024,2024-02-07 20:48:02,"{'neg': 0.021, 'neu': 0.71, 'pos': 0.269, 'compound': 1.0}",1
474,WBD,Warner Bros. Discovery,Communication Services,Broadcasting,QQ1,2024,2024-05-09 00:00:00,"{'neg': 0.027, 'neu': 0.704, 'pos': 0.269, 'compound': 1.0}",1
475,WM,Waste Management,Industrials,Environmental & Facilities Services,QQ1,2024,2024-04-25 00:00:00,"{'neg': 0.024, 'neu': 0.733, 'pos': 0.243, 'compound': 1.0}",1
476,WAT,Waters Corporation,Health Care,Life Sciences Tools & Services,QQ1,2024,2024-05-07 00:00:00,"{'neg': 0.042, 'neu': 0.766, 'pos': 0.193, 'compound': 1.0}",1
477,WEC,WEC Energy Group,Utilities,Electric Utilities,QQ1,2024,2024-05-01 00:00:00,"{'neg': 0.016, 'neu': 0.762, 'pos': 0.222, 'compound': 1.0}",1
478,WFC,Wells Fargo,Financials,Diversified Banks,QQ1,2024,2024-04-12 13:44:14,"{'neg': 0.037, 'neu': 0.734, 'pos': 0.229, 'compound': 1.0}",1
479,WELL,Welltower,Real Estate,Health Care REITs,QQ1,2024,2024-04-30 00:00:00,"{'neg': 0.039, 'neu': 0.717, 'pos': 0.244, 'compound': 1.0}",1
480,WST,West Pharmaceutical Services,Health Care,Health Care Supplies,QQ1,2024,2024-04-25 00:00:00,"{'neg': 0.028, 'neu': 0.77, 'pos': 0.202, 'compound': 0.9999}",1
481,WDC,Western Digital,Information Technology,"Technology Hardware, Storage & Peripherals",QQ1,2024,2023-10-30 12:19:10,"{'neg': 0.034, 'neu': 0.73, 'pos': 0.236, 'compound': 1.0}",1
482,WY,Weyerhaeuser,Real Estate,Timber REITs,QQ1,2024,2024-04-26 00:00:00,"{'neg': 0.048, 'neu': 0.756, 'pos': 0.195, 'compound': 1.0}",1
483,WMB,Williams Companies,Energy,Oil & Gas Storage & Transportation,QQ1,2024,2024-05-07 00:00:00,"{'neg': 0.035, 'neu': 0.719, 'pos': 0.247, 'compound': 1.0}",1
484,WTW,Willis Towers Watson,Financials,Insurance Brokers,QQ1,2024,2024-04-25 00:00:00,"{'neg': 0.031, 'neu': 0.686, 'pos': 0.283, 'compound': 1.0}",1
485,WYNN,Wynn Resorts,Consumer Discretionary,Casinos & Gaming,QQ1,2024,2024-05-07 00:00:00,"{'neg': 0.024, 'neu': 0.744, 'pos': 0.232, 'compound': 1.0}",1
486,XEL,Xcel Energy,Utilities,Multi-Utilities,QQ1,2024,2024-04-25 00:00:00,"{'neg': 0.045, 'neu': 0.711, 'pos': 0.244, 'compound': 1.0}",1
487,XYL,Xylem Inc.,Industrials,Industrial Machinery & Supplies & Components,QQ1,2024,2024-05-02 00:00:00,"{'neg': 0.019, 'neu': 0.733, 'pos': 0.248, 'compound': 1.0}",1
488,YUM,Yum! Brands,Consumer Discretionary,Restaurants,QQ1,2024,2024-05-01 00:00:00,"{'neg': 0.026, 'neu': 0.728, 'pos': 0.245, 'compound': 1.0}",1
489,ZBRA,Zebra Technologies,Information Technology,Electronic Equipment & Instruments,QQ1,2024,2024-04-30 00:00:00,"{'neg': 0.025, 'neu': 0.739, 'pos': 0.236, 'compound': 1.0}",1
490,ZBH,Zimmer Biomet,Health Care,Health Care Equipment,QQ1,2024,2024-05-02 00:00:00,"{'neg': 0.024, 'neu': 0.712, 'pos': 0.264, 'compound': 1.0}",1
491,ZTS,Zoetis,Health Care,Pharmaceuticals,QQ1,2024,2024-05-02 00:00:00,"{'neg': 0.032, 'neu': 0.723, 'pos': 0.245, 'compound': 1.0}",1
